UsageDate,ServiceName,Region,ProjectTag,CostINR
2023-01-01,RDS/Database,us-west-2,Project:Production,1005.19
2023-01-01,S3/Storage,us-west-2,Project:Staging,306.9
2023-01-01,EC2/Compute,us-east-1,Project:Development,1054.25
2023-01-01,VPC/Networking,us-east-1,Project:Production,211.47
2023-01-02,RDS/Database,eu-west-1,Project:Marketing,1239.78
2023-01-02,EBS/Storage,ap-southeast-1,Project:Development,369.16
2023-01-02,CloudFront/CDN,ap-southeast-1,Project:Development,725.44
2023-01-02,EC2/Compute,ap-southeast-1,Project:Development,1377.18
2023-01-02,Lambda/Functions,ap-southeast-1,Project:Finance,183.62
2023-01-02,ElastiCache/Cache,us-west-2,Project:Finance,220.35
2023-01-03,VPC/Networking,us-east-1,Project:Analytics,229.82
2023-01-03,EBS/Storage,us-west-2,Project:Marketing,169.61
2023-01-03,Lambda/Functions,eu-west-1,Project:Development,172.48
2023-01-03,S3/Storage,us-east-1,Project:Testing,221.91
2023-01-03,EC2/Compute,eu-west-1,Project:Testing,1655.03
2023-01-04,Lambda/Functions,us-east-1,Project:Staging,145.71
2023-01-04,EBS/Storage,eu-west-1,Project:Analytics,350.74
2023-01-04,ElastiCache/Cache,us-west-2,Project:Finance,180.99
2023-01-04,RDS/Database,ap-south-1,Project:Staging,894.34
2023-01-05,S3/Storage,us-east-1,Project:Development,396.9
2023-01-05,Lambda/Functions,us-west-2,Project:Backup,184.14
2023-01-05,EBS/Storage,us-west-2,Project:Marketing,210.42
2023-01-05,EC2/Compute,ap-southeast-1,Project:Analytics,1348.77
2023-01-05,VPC/Networking,ap-southeast-1,Project:Analytics,355.55
2023-01-05,RDS/Database,us-west-2,Project:Analytics,670.1
2023-01-06,CloudFront/CDN,eu-west-1,Project:Development,534.95
2023-01-06,VPC/Networking,us-east-1,Project:Marketing,221.18
2023-01-06,RDS/Database,ap-south-1,Project:Staging,965.12
2023-01-06,Lambda/Functions,us-west-2,Project:Production,165.83
2023-01-06,ElastiCache/Cache,us-west-2,Project:Backup,695.07
2023-01-06,EC2/Compute,eu-west-1,Project:Testing,1708.23
2023-01-07,ElastiCache/Cache,ap-south-1,Project:Development,163.44
2023-01-07,RDS/Database,ap-southeast-1,Project:Development,536.14
2023-01-07,EC2/Compute,eu-west-1,Project:Staging,1599.59
2023-01-08,Lambda/Functions,ap-southeast-1,Project:Finance,69.72
2023-01-08,RDS/Database,ap-south-1,Project:Testing,878.93
2023-01-08,S3/Storage,ap-south-1,Project:Analytics,189.94
2023-01-08,VPC/Networking,ap-south-1,Project:Staging,191.77
2023-01-09,RDS/Database,us-west-2,Project:Marketing,1011.55
2023-01-09,S3/Storage,ap-south-1,Project:Staging,260.92
2023-01-09,ElastiCache/Cache,us-east-1,Project:Development,245.91
2023-01-09,CloudFront/CDN,us-west-2,Project:Testing,481.63
2023-01-09,EC2/Compute,us-east-1,Project:Finance,1629.44
2023-01-09,EBS/Storage,us-east-1,Project:Staging,385.62
2023-01-10,EC2/Compute,us-west-2,Project:Marketing,873.98
2023-01-10,VPC/Networking,eu-west-1,Project:Development,329.3
2023-01-10,EBS/Storage,ap-southeast-1,Project:Backup,266.99
2023-01-10,S3/Storage,us-west-2,Project:Backup,424.27
2023-01-10,ElastiCache/Cache,us-east-1,Project:Development,207.43
2023-01-10,Lambda/Functions,us-east-1,Project:Analytics,123.14
2023-01-11,ElastiCache/Cache,us-east-1,Project:Production,253.46
2023-01-11,CloudFront/CDN,us-west-2,Project:Testing,432.86
2023-01-11,EBS/Storage,ap-south-1,Project:Production,294.3
2023-01-12,VPC/Networking,us-east-1,Project:Production,282.15
2023-01-12,EC2/Compute,eu-west-1,Project:Staging,1235.42
2023-01-12,ElastiCache/Cache,ap-south-1,Project:Backup,289.11
2023-01-12,S3/Storage,ap-south-1,Project:Production,360.64
2023-01-12,EBS/Storage,ap-southeast-1,Project:Marketing,409.67
2023-01-12,Lambda/Functions,us-east-1,Project:Analytics,225.31
2023-01-13,ElastiCache/Cache,ap-south-1,Project:Staging,223.67
2023-01-13,CloudFront/CDN,us-west-2,Project:Analytics,458.81
2023-01-13,S3/Storage,us-east-1,Project:Development,282.81
2023-01-13,EC2/Compute,us-east-1,Project:Development,1945.12
2023-01-14,EBS/Storage,ap-south-1,Project:Development,223.99
2023-01-14,RDS/Database,eu-west-1,Project:Backup,878.16
2023-01-14,S3/Storage,us-east-1,Project:Production,366.51
2023-01-14,VPC/Networking,us-west-2,Project:Marketing,127.9
2023-01-15,S3/Storage,eu-west-1,Project:Marketing,298.52
2023-01-15,CloudFront/CDN,eu-west-1,Project:Development,456.6
2023-01-16,CloudFront/CDN,ap-south-1,Project:Staging,722.1
2023-01-16,ElastiCache/Cache,eu-west-1,Project:Production,326.51
2023-01-16,RDS/Database,us-west-2,Project:Marketing,1033.78
2023-01-16,VPC/Networking,us-east-1,Project:Testing,284.34
2023-01-16,EC2/Compute,us-west-2,Project:Marketing,1312.33
2023-01-17,ElastiCache/Cache,us-east-1,Project:Marketing,118.1
2023-01-17,CloudFront/CDN,eu-west-1,Project:Testing,180.01
2023-01-17,EBS/Storage,us-east-1,Project:Development,333.14
2023-01-17,EC2/Compute,ap-south-1,Project:Analytics,1886.56
2023-01-17,S3/Storage,ap-south-1,Project:Testing,400.22
2023-01-17,RDS/Database,us-west-2,Project:Production,965.34
2023-01-18,S3/Storage,ap-south-1,Project:Analytics,426.26
2023-01-18,VPC/Networking,us-west-2,Project:Development,246.56
2023-01-18,ElastiCache/Cache,us-west-2,Project:Staging,321.55
2023-01-19,EC2/Compute,us-east-1,Project:Analytics,1249.17
2023-01-19,S3/Storage,ap-southeast-1,Project:Staging,342.31
2023-01-19,RDS/Database,ap-southeast-1,Project:Finance,1282.61
2023-01-19,EBS/Storage,ap-southeast-1,Project:Staging,283.91
2023-01-20,VPC/Networking,ap-south-1,Project:Analytics,294.48
2023-01-20,Lambda/Functions,ap-southeast-1,Project:Finance,211.83
2023-01-20,EC2/Compute,us-east-1,Project:Marketing,1358.54
2023-01-20,S3/Storage,ap-south-1,Project:Finance,400.98
2023-01-21,CloudFront/CDN,ap-south-1,Project:Marketing,1720.36
2023-01-21,S3/Storage,eu-west-1,Project:Finance,225.99
2023-01-22,ElastiCache/Cache,us-east-1,Project:Marketing,176.67
2023-01-22,CloudFront/CDN,us-east-1,Project:Finance,231.79
2023-01-22,S3/Storage,eu-west-1,Project:Production,251.69
2023-01-22,Lambda/Functions,us-east-1,Project:Staging,123.64
2023-01-23,EC2/Compute,us-west-2,Project:Development,1432.62
2023-01-23,RDS/Database,ap-southeast-1,Project:Finance,674.96
2023-01-23,S3/Storage,ap-southeast-1,Project:Staging,350.52
2023-01-23,VPC/Networking,ap-southeast-1,Project:Analytics,278.19
2023-01-23,Lambda/Functions,us-west-2,Project:Marketing,196.11
2023-01-23,ElastiCache/Cache,us-east-1,Project:Marketing,221.25
2023-01-24,ElastiCache/Cache,ap-south-1,Project:Staging,258.82
2023-01-24,VPC/Networking,us-west-2,Project:Production,272.6
2023-01-24,S3/Storage,us-west-2,Project:Testing,856.49
2023-01-24,RDS/Database,ap-southeast-1,Project:Backup,1537.45
2023-01-24,EBS/Storage,ap-southeast-1,Project:Development,313.33
2023-01-25,S3/Storage,us-west-2,Project:Development,384.58
2023-01-25,EBS/Storage,ap-south-1,Project:Backup,347.59
2023-01-25,ElastiCache/Cache,ap-southeast-1,Project:Finance,122.34
2023-01-26,ElastiCache/Cache,us-west-2,Project:Marketing,238.71
2023-01-26,RDS/Database,eu-west-1,Project:Development,1036.13
2023-01-26,S3/Storage,eu-west-1,Project:Staging,421.5
2023-01-26,Lambda/Functions,eu-west-1,Project:Backup,186.55
2023-01-26,EBS/Storage,ap-southeast-1,Project:Backup,324.46
2023-01-26,CloudFront/CDN,ap-south-1,Project:Backup,844.42
2023-01-27,EBS/Storage,us-east-1,Project:Analytics,231.24
2023-01-27,VPC/Networking,ap-south-1,Project:Backup,336.02
2023-01-27,S3/Storage,us-west-2,Project:Analytics,465.72
2023-01-27,ElastiCache/Cache,ap-south-1,Project:Production,281.73
2023-01-28,Lambda/Functions,ap-southeast-1,Project:Staging,185.37
2023-01-28,EC2/Compute,eu-west-1,Project:Analytics,713.12
2023-01-28,EBS/Storage,eu-west-1,Project:Analytics,176.73
2023-01-28,RDS/Database,ap-southeast-1,Project:Finance,839.32
2023-01-29,RDS/Database,us-west-2,Project:Production,1132.97
2023-01-29,Lambda/Functions,ap-southeast-1,Project:Testing,117.83
2023-01-29,EBS/Storage,ap-south-1,Project:Production,172.12
2023-01-30,EC2/Compute,us-west-2,Project:Backup,1608.14
2023-01-30,EBS/Storage,ap-southeast-1,Project:Production,332.49
2023-01-30,Lambda/Functions,ap-southeast-1,Project:Marketing,120.1
2023-01-30,RDS/Database,ap-southeast-1,Project:Marketing,914.37
2023-01-31,ElastiCache/Cache,ap-south-1,Project:Testing,181.29
2023-01-31,VPC/Networking,us-east-1,Project:Production,192.1
2023-01-31,S3/Storage,us-west-2,Project:Staging,438.79
2023-02-01,VPC/Networking,us-west-2,Project:Development,212.68
2023-02-01,Lambda/Functions,ap-southeast-1,Project:Analytics,181.63
2023-02-01,RDS/Database,us-west-2,Project:Development,557.26
2023-02-01,S3/Storage,us-west-2,Project:Development,418.83
2023-02-01,CloudFront/CDN,us-west-2,Project:Marketing,323.67
2023-02-01,ElastiCache/Cache,us-east-1,Project:Marketing,166.53
2023-02-02,EBS/Storage,us-east-1,Project:Finance,490.62
2023-02-02,S3/Storage,ap-south-1,Project:Analytics,400.58
2023-02-02,CloudFront/CDN,ap-southeast-1,Project:Development,421.14
2023-02-02,RDS/Database,ap-southeast-1,Project:Testing,962.49
2023-02-02,EC2/Compute,eu-west-1,Project:Backup,1286.14
2023-02-03,EBS/Storage,us-west-2,Project:Backup,284.49
2023-02-03,ElastiCache/Cache,eu-west-1,Project:Staging,125.16
2023-02-03,Lambda/Functions,us-east-1,Project:Marketing,101.15
2023-02-03,CloudFront/CDN,ap-southeast-1,Project:Finance,1969.27
2023-02-03,RDS/Database,us-west-2,Project:Backup,855.71
2023-02-04,CloudFront/CDN,ap-southeast-1,Project:Backup,298.27
2023-02-04,RDS/Database,us-west-2,Project:Development,467.96
2023-02-04,VPC/Networking,eu-west-1,Project:Production,153.16
2023-02-05,VPC/Networking,us-east-1,Project:Marketing,115.8
2023-02-05,ElastiCache/Cache,ap-southeast-1,Project:Backup,136.18
2023-02-06,CloudFront/CDN,ap-southeast-1,Project:Finance,590.8
2023-02-06,VPC/Networking,ap-south-1,Project:Finance,225.3
2023-02-06,ElastiCache/Cache,ap-southeast-1,Project:Marketing,127.3
2023-02-06,RDS/Database,us-west-2,Project:Development,938.02
2023-02-07,VPC/Networking,ap-south-1,Project:Marketing,241.13
2023-02-07,EBS/Storage,eu-west-1,Project:Production,312.51
2023-02-07,S3/Storage,us-west-2,Project:Backup,228.58
2023-02-07,ElastiCache/Cache,us-west-2,Project:Marketing,519.21
2023-02-07,CloudFront/CDN,us-west-2,Project:Marketing,519.68
2023-02-08,VPC/Networking,ap-southeast-1,Project:Finance,242.94
2023-02-08,Lambda/Functions,us-east-1,Project:Marketing,222.81
2023-02-08,EC2/Compute,ap-southeast-1,Project:Development,1134.94
2023-02-08,RDS/Database,ap-south-1,Project:Marketing,889.26
2023-02-08,CloudFront/CDN,ap-southeast-1,Project:Backup,327.09
2023-02-09,S3/Storage,us-east-1,Project:Analytics,240.68
2023-02-09,CloudFront/CDN,ap-south-1,Project:Staging,395.35
2023-02-09,RDS/Database,eu-west-1,Project:Development,626.95
2023-02-10,EBS/Storage,ap-southeast-1,Project:Backup,343.57
2023-02-10,Lambda/Functions,us-east-1,Project:Staging,161.66
2023-02-10,S3/Storage,ap-southeast-1,Project:Marketing,808.86
2023-02-10,RDS/Database,eu-west-1,Project:Development,973.16
2023-02-10,CloudFront/CDN,us-west-2,Project:Development,404.51
2023-02-10,ElastiCache/Cache,ap-south-1,Project:Production,196.91
2023-02-11,VPC/Networking,ap-south-1,Project:Staging,110.9
2023-02-11,ElastiCache/Cache,us-west-2,Project:Marketing,213.42
2023-02-11,EC2/Compute,ap-south-1,Project:Staging,979.36
2023-02-12,RDS/Database,us-west-2,Project:Marketing,413.52
2023-02-12,EBS/Storage,ap-southeast-1,Project:Marketing,166.61
2023-02-12,EC2/Compute,ap-south-1,Project:Marketing,949.23
2023-02-13,VPC/Networking,us-west-2,Project:Backup,125.33
2023-02-13,CloudFront/CDN,eu-west-1,Project:Production,318.03
2023-02-13,EC2/Compute,ap-south-1,Project:Production,1188.28
2023-02-13,Lambda/Functions,us-east-1,Project:Development,169.19
2023-02-13,ElastiCache/Cache,ap-southeast-1,Project:Finance,213.95
2023-02-14,CloudFront/CDN,ap-southeast-1,Project:Finance,358.48
2023-02-14,ElastiCache/Cache,eu-west-1,Project:Analytics,191.3
2023-02-14,S3/Storage,eu-west-1,Project:Development,367.44
2023-02-14,VPC/Networking,ap-south-1,Project:Production,210.5
2023-02-14,Lambda/Functions,eu-west-1,Project:Analytics,104.19
2023-02-14,EC2/Compute,eu-west-1,Project:Marketing,1327.17
2023-02-15,CloudFront/CDN,us-west-2,Project:Marketing,409.47
2023-02-15,Lambda/Functions,eu-west-1,Project:Backup,108.1
2023-02-15,VPC/Networking,ap-southeast-1,Project:Backup,209.56
2023-02-15,EC2/Compute,us-west-2,Project:Finance,943.26
2023-02-15,ElastiCache/Cache,us-west-2,Project:Testing,207.08
2023-02-15,EBS/Storage,ap-southeast-1,Project:Development,1069.04
2023-02-16,EBS/Storage,us-east-1,Project:Backup,320.61
2023-02-16,EC2/Compute,us-west-2,Project:Backup,1530.09
2023-02-16,S3/Storage,eu-west-1,Project:Marketing,198.48
2023-02-17,ElastiCache/Cache,us-west-2,Project:Testing,139.09
2023-02-17,VPC/Networking,ap-southeast-1,Project:Backup,230.69
2023-02-17,S3/Storage,eu-west-1,Project:Analytics,341.81
2023-02-17,EBS/Storage,ap-south-1,Project:Backup,495.41
2023-02-17,Lambda/Functions,ap-south-1,Project:Marketing,170.86
2023-02-17,CloudFront/CDN,eu-west-1,Project:Marketing,455.75
2023-02-18,RDS/Database,ap-southeast-1,Project:Analytics,657.45
2023-02-18,S3/Storage,us-west-2,Project:Backup,195.31
2023-02-18,EBS/Storage,us-west-2,Project:Analytics,226.84
2023-02-18,Lambda/Functions,ap-southeast-1,Project:Production,131.29
2023-02-19,VPC/Networking,us-east-1,Project:Backup,168.2
2023-02-19,EBS/Storage,ap-southeast-1,Project:Production,142.57
2023-02-20,CloudFront/CDN,us-east-1,Project:Analytics,215.41
2023-02-20,VPC/Networking,us-east-1,Project:Backup,236.66
2023-02-20,RDS/Database,ap-southeast-1,Project:Development,760.16
2023-02-20,ElastiCache/Cache,us-west-2,Project:Marketing,287.0
2023-02-20,EC2/Compute,ap-south-1,Project:Analytics,1064.93
2023-02-20,Lambda/Functions,ap-southeast-1,Project:Production,154.6
2023-02-21,RDS/Database,us-west-2,Project:Testing,1028.17
2023-02-21,VPC/Networking,us-west-2,Project:Backup,147.6
2023-02-21,EC2/Compute,eu-west-1,Project:Finance,723.49
2023-02-21,EBS/Storage,ap-south-1,Project:Analytics,256.61
2023-02-21,ElastiCache/Cache,us-west-2,Project:Analytics,160.38
2023-02-22,RDS/Database,eu-west-1,Project:Marketing,852.06
2023-02-22,VPC/Networking,us-west-2,Project:Development,165.18
2023-02-22,ElastiCache/Cache,ap-southeast-1,Project:Marketing,212.77
2023-02-22,Lambda/Functions,ap-southeast-1,Project:Marketing,124.46
2023-02-23,Lambda/Functions,eu-west-1,Project:Marketing,126.9
2023-02-23,CloudFront/CDN,us-east-1,Project:Staging,408.85
2023-02-23,RDS/Database,eu-west-1,Project:Production,1241.81
2023-02-23,ElastiCache/Cache,eu-west-1,Project:Staging,190.39
2023-02-23,EBS/Storage,us-east-1,Project:Backup,124.74
2023-02-23,S3/Storage,ap-southeast-1,Project:Marketing,1613.96
2023-02-24,S3/Storage,us-east-1,Project:Finance,243.16
2023-02-24,Lambda/Functions,us-west-2,Project:Development,126.53
2023-02-24,VPC/Networking,us-east-1,Project:Marketing,245.24
2023-02-24,RDS/Database,ap-southeast-1,Project:Testing,910.73
2023-02-24,CloudFront/CDN,us-east-1,Project:Marketing,392.72
2023-02-25,EBS/Storage,eu-west-1,Project:Development,162.13
2023-02-25,VPC/Networking,us-west-2,Project:Marketing,172.17
2023-02-25,CloudFront/CDN,ap-southeast-1,Project:Marketing,198.14
2023-02-25,RDS/Database,us-east-1,Project:Testing,498.94
2023-02-26,EBS/Storage,ap-south-1,Project:Finance,148.06
2023-02-26,ElastiCache/Cache,ap-southeast-1,Project:Production,183.65
2023-02-27,RDS/Database,eu-west-1,Project:Development,554.07
2023-02-27,ElastiCache/Cache,eu-west-1,Project:Analytics,200.48
2023-02-27,VPC/Networking,ap-southeast-1,Project:Production,248.7
2023-02-28,RDS/Database,eu-west-1,Project:Analytics,1065.6
2023-02-28,ElastiCache/Cache,ap-south-1,Project:Testing,160.04
2023-02-28,VPC/Networking,us-east-1,Project:Marketing,254.54
2023-02-28,EC2/Compute,us-east-1,Project:Development,752.82
2023-02-28,Lambda/Functions,ap-southeast-1,Project:Development,232.24
2023-03-01,EBS/Storage,ap-south-1,Project:Analytics,208.2
2023-03-01,EC2/Compute,us-west-2,Project:Backup,1449.29
2023-03-01,Lambda/Functions,us-west-2,Project:Finance,116.6
2023-03-01,VPC/Networking,eu-west-1,Project:Production,224.81
2023-03-02,Lambda/Functions,eu-west-1,Project:Staging,112.92
2023-03-02,RDS/Database,ap-south-1,Project:Staging,758.48
2023-03-02,S3/Storage,ap-south-1,Project:Staging,208.89
2023-03-02,EC2/Compute,us-west-2,Project:Production,364.32
2023-03-02,VPC/Networking,us-east-1,Project:Backup,199.39
2023-03-03,CloudFront/CDN,us-east-1,Project:Testing,1827.14
2023-03-03,S3/Storage,us-west-2,Project:Development,270.25
2023-03-03,EBS/Storage,us-west-2,Project:Testing,162.58
2023-03-03,VPC/Networking,us-east-1,Project:Marketing,285.06
2023-03-04,VPC/Networking,us-west-2,Project:Marketing,192.81
2023-03-04,EC2/Compute,ap-southeast-1,Project:Development,545.15
2023-03-05,EBS/Storage,us-west-2,Project:Production,177.66
2023-03-05,ElastiCache/Cache,ap-south-1,Project:Development,164.69
2023-03-05,RDS/Database,ap-south-1,Project:Marketing,427.91
2023-03-06,EBS/Storage,eu-west-1,Project:Testing,215.21
2023-03-06,EC2/Compute,ap-southeast-1,Project:Development,1355.77
2023-03-06,Lambda/Functions,ap-southeast-1,Project:Development,159.48
2023-03-07,CloudFront/CDN,us-west-2,Project:Analytics,416.7
2023-03-07,RDS/Database,us-east-1,Project:Finance,1131.73
2023-03-07,Lambda/Functions,us-east-1,Project:Staging,137.31
2023-03-07,ElastiCache/Cache,ap-southeast-1,Project:Analytics,212.52
2023-03-07,VPC/Networking,ap-southeast-1,Project:Analytics,206.14
2023-03-08,EC2/Compute,ap-southeast-1,Project:Finance,1394.66
2023-03-08,VPC/Networking,us-east-1,Project:Development,139.93
2023-03-08,S3/Storage,us-east-1,Project:Finance,466.05
2023-03-08,ElastiCache/Cache,ap-south-1,Project:Production,93.37
2023-03-08,Lambda/Functions,ap-south-1,Project:Finance,146.21
2023-03-09,ElastiCache/Cache,eu-west-1,Project:Production,221.16
2023-03-09,EBS/Storage,eu-west-1,Project:Staging,222.12
2023-03-09,CloudFront/CDN,eu-west-1,Project:Finance,384.27
2023-03-09,VPC/Networking,ap-south-1,Project:Production,172.82
2023-03-09,RDS/Database,ap-southeast-1,Project:Staging,684.51
2023-03-09,EC2/Compute,ap-south-1,Project:Staging,1301.51
2023-03-10,CloudFront/CDN,eu-west-1,Project:Development,487.83
2023-03-10,RDS/Database,us-east-1,Project:Development,670.41
2023-03-10,S3/Storage,eu-west-1,Project:Testing,327.44
2023-03-10,VPC/Networking,ap-south-1,Project:Analytics,220.81
2023-03-10,EC2/Compute,us-west-2,Project:Analytics,1489.87
2023-03-11,EBS/Storage,eu-west-1,Project:Backup,140.65
2023-03-11,RDS/Database,ap-south-1,Project:Production,657.09
2023-03-12,RDS/Database,ap-south-1,Project:Backup,654.49
2023-03-12,ElastiCache/Cache,us-west-2,Project:Development,109.87
2023-03-12,Lambda/Functions,us-east-1,Project:Marketing,126.36
2023-03-13,CloudFront/CDN,ap-southeast-1,Project:Analytics,345.68
2023-03-13,EC2/Compute,us-east-1,Project:Staging,1210.68
2023-03-13,ElastiCache/Cache,ap-southeast-1,Project:Staging,207.52
2023-03-13,Lambda/Functions,eu-west-1,Project:Finance,200.72
2023-03-13,S3/Storage,us-west-2,Project:Testing,313.18
2023-03-14,VPC/Networking,ap-southeast-1,Project:Marketing,258.61
2023-03-14,EBS/Storage,ap-south-1,Project:Backup,305.18
2023-03-14,S3/Storage,us-east-1,Project:Backup,288.94
2023-03-14,Lambda/Functions,eu-west-1,Project:Analytics,143.88
2023-03-14,EC2/Compute,us-east-1,Project:Finance,1468.47
2023-03-15,Lambda/Functions,ap-southeast-1,Project:Marketing,152.99
2023-03-15,ElastiCache/Cache,us-east-1,Project:Development,168.46
2023-03-15,EC2/Compute,us-west-2,Project:Finance,1425.09
2023-03-15,EBS/Storage,us-west-2,Project:Finance,274.21
2023-03-15,S3/Storage,ap-south-1,Project:Analytics,403.72
2023-03-16,Lambda/Functions,us-west-2,Project:Testing,147.27
2023-03-16,RDS/Database,ap-south-1,Project:Backup,645.77
2023-03-16,S3/Storage,ap-southeast-1,Project:Backup,349.74
2023-03-16,EC2/Compute,us-east-1,Project:Testing,1247.29
2023-03-17,ElastiCache/Cache,eu-west-1,Project:Development,218.86
2023-03-17,Lambda/Functions,us-east-1,Project:Marketing,106.03
2023-03-17,EC2/Compute,us-east-1,Project:Production,1570.64
2023-03-17,VPC/Networking,ap-southeast-1,Project:Marketing,309.19
2023-03-17,S3/Storage,ap-south-1,Project:Production,227.92
2023-03-18,EBS/Storage,ap-south-1,Project:Production,205.38
2023-03-18,Lambda/Functions,ap-south-1,Project:Staging,123.34
2023-03-19,RDS/Database,us-east-1,Project:Finance,566.88
2023-03-19,Lambda/Functions,ap-southeast-1,Project:Testing,108.64
2023-03-19,EC2/Compute,us-east-1,Project:Testing,2727.73
2023-03-20,EBS/Storage,eu-west-1,Project:Development,210.92
2023-03-20,EC2/Compute,eu-west-1,Project:Analytics,1120.8
2023-03-20,CloudFront/CDN,ap-south-1,Project:Testing,322.4
2023-03-20,RDS/Database,ap-south-1,Project:Testing,782.61
2023-03-20,Lambda/Functions,ap-south-1,Project:Analytics,189.48
2023-03-21,ElastiCache/Cache,ap-south-1,Project:Development,157.08
2023-03-21,CloudFront/CDN,eu-west-1,Project:Testing,448.27
2023-03-21,Lambda/Functions,ap-southeast-1,Project:Finance,354.26
2023-03-22,VPC/Networking,us-west-2,Project:Testing,215.58
2023-03-22,S3/Storage,ap-south-1,Project:Testing,268.91
2023-03-22,Lambda/Functions,ap-south-1,Project:Production,133.09
2023-03-22,EBS/Storage,eu-west-1,Project:Development,269.56
2023-03-23,CloudFront/CDN,eu-west-1,Project:Backup,333.47
2023-03-23,RDS/Database,us-west-2,Project:Backup,2660.27
2023-03-23,VPC/Networking,ap-southeast-1,Project:Staging,131.73
2023-03-23,S3/Storage,us-west-2,Project:Backup,194.49
2023-03-24,CloudFront/CDN,us-west-2,Project:Testing,556.52
2023-03-24,ElastiCache/Cache,ap-south-1,Project:Analytics,197.17
2023-03-24,Lambda/Functions,us-east-1,Project:Backup,185.15
2023-03-24,VPC/Networking,ap-southeast-1,Project:Marketing,192.43
2023-03-25,EC2/Compute,us-west-2,Project:Backup,849.99
2023-03-25,S3/Storage,eu-west-1,Project:Development,204.95
2023-03-25,VPC/Networking,eu-west-1,Project:Backup,141.65
2023-03-25,CloudFront/CDN,us-west-2,Project:Analytics,213.31
2023-03-26,EBS/Storage,ap-southeast-1,Project:Finance,165.1
2023-03-26,EC2/Compute,us-east-1,Project:Finance,923.02
2023-03-27,EBS/Storage,ap-southeast-1,Project:Testing,287.26
2023-03-27,VPC/Networking,ap-southeast-1,Project:Backup,281.34
2023-03-27,ElastiCache/Cache,us-west-2,Project:Analytics,201.44
2023-03-27,RDS/Database,us-east-1,Project:Production,791.48
2023-03-27,S3/Storage,us-west-2,Project:Production,242.0
2023-03-28,VPC/Networking,eu-west-1,Project:Analytics,624.17
2023-03-28,RDS/Database,ap-southeast-1,Project:Production,732.14
2023-03-28,S3/Storage,ap-south-1,Project:Analytics,312.61
2023-03-28,Lambda/Functions,ap-southeast-1,Project:Backup,178.91
2023-03-28,EC2/Compute,ap-south-1,Project:Staging,1289.02
2023-03-29,CloudFront/CDN,eu-west-1,Project:Marketing,457.63
2023-03-29,VPC/Networking,ap-south-1,Project:Production,164.16
2023-03-29,EC2/Compute,ap-southeast-1,Project:Production,1228.36
2023-03-30,ElastiCache/Cache,ap-southeast-1,Project:Backup,281.77
2023-03-30,S3/Storage,us-west-2,Project:Production,416.03
2023-03-30,RDS/Database,eu-west-1,Project:Testing,1009.31
2023-03-30,EC2/Compute,us-west-2,Project:Development,986.86
2023-03-30,EBS/Storage,ap-southeast-1,Project:Production,309.88
2023-03-31,EC2/Compute,ap-south-1,Project:Backup,1889.99
2023-03-31,RDS/Database,us-west-2,Project:Marketing,649.7
2023-03-31,Lambda/Functions,eu-west-1,Project:Analytics,159.67
2023-04-01,RDS/Database,ap-southeast-1,Project:Backup,484.65
2023-04-01,VPC/Networking,us-east-1,Project:Finance,112.6
2023-04-02,S3/Storage,ap-south-1,Project:Marketing,185.72
2023-04-02,VPC/Networking,ap-southeast-1,Project:Finance,66.86
2023-04-02,Lambda/Functions,ap-southeast-1,Project:Development,86.62
2023-04-03,EC2/Compute,ap-southeast-1,Project:Finance,1795.29
2023-04-03,VPC/Networking,eu-west-1,Project:Analytics,252.08
2023-04-03,RDS/Database,ap-south-1,Project:Analytics,884.33
2023-04-03,CloudFront/CDN,eu-west-1,Project:Marketing,422.68
2023-04-04,EBS/Storage,ap-south-1,Project:Backup,629.61
2023-04-04,S3/Storage,ap-southeast-1,Project:Finance,261.51
2023-04-04,VPC/Networking,us-west-2,Project:Production,157.96
2023-04-05,Lambda/Functions,us-east-1,Project:Testing,222.79
2023-04-05,EC2/Compute,us-west-2,Project:Development,2760.65
2023-04-05,S3/Storage,ap-south-1,Project:Analytics,174.74
2023-04-05,CloudFront/CDN,ap-southeast-1,Project:Finance,527.68
2023-04-05,VPC/Networking,ap-southeast-1,Project:Finance,136.51
2023-04-06,RDS/Database,us-west-2,Project:Development,1067.47
2023-04-06,CloudFront/CDN,ap-southeast-1,Project:Staging,545.56
2023-04-06,EBS/Storage,eu-west-1,Project:Backup,247.46
2023-04-07,CloudFront/CDN,ap-southeast-1,Project:Production,361.81
2023-04-07,RDS/Database,us-west-2,Project:Testing,824.94
2023-04-07,S3/Storage,us-east-1,Project:Marketing,183.88
2023-04-07,VPC/Networking,ap-south-1,Project:Staging,204.11
2023-04-07,Lambda/Functions,ap-south-1,Project:Finance,176.69
2023-04-07,EBS/Storage,us-west-2,Project:Testing,216.62
2023-04-08,VPC/Networking,eu-west-1,Project:Development,161.07
2023-04-08,EC2/Compute,ap-south-1,Project:Development,882.05
2023-04-08,RDS/Database,eu-west-1,Project:Analytics,418.5
2023-04-08,CloudFront/CDN,ap-southeast-1,Project:Analytics,275.27
2023-04-09,ElastiCache/Cache,us-west-2,Project:Finance,169.51
2023-04-09,S3/Storage,us-east-1,Project:Development,153.92
2023-04-09,VPC/Networking,us-west-2,Project:Testing,168.14
2023-04-09,CloudFront/CDN,eu-west-1,Project:Testing,176.0
2023-04-10,CloudFront/CDN,ap-south-1,Project:Finance,419.72
2023-04-10,ElastiCache/Cache,ap-south-1,Project:Testing,254.75
2023-04-10,S3/Storage,us-west-2,Project:Marketing,331.36
2023-04-10,EBS/Storage,ap-south-1,Project:Production,330.12
2023-04-10,RDS/Database,us-east-1,Project:Testing,663.18
2023-04-11,S3/Storage,ap-south-1,Project:Marketing,311.17
2023-04-11,VPC/Networking,us-east-1,Project:Backup,293.52
2023-04-11,EC2/Compute,ap-south-1,Project:Analytics,1854.59
2023-04-12,CloudFront/CDN,ap-southeast-1,Project:Development,382.68
2023-04-12,EBS/Storage,us-west-2,Project:Finance,342.32
2023-04-12,RDS/Database,eu-west-1,Project:Finance,619.28
2023-04-12,Lambda/Functions,us-west-2,Project:Backup,190.2
2023-04-12,S3/Storage,ap-southeast-1,Project:Staging,355.44
2023-04-13,EBS/Storage,us-east-1,Project:Production,142.94
2023-04-13,EC2/Compute,ap-southeast-1,Project:Analytics,862.26
2023-04-13,CloudFront/CDN,eu-west-1,Project:Backup,516.16
2023-04-13,VPC/Networking,eu-west-1,Project:Staging,239.08
2023-04-14,ElastiCache/Cache,eu-west-1,Project:Backup,1047.71
2023-04-14,VPC/Networking,us-west-2,Project:Testing,100.06
2023-04-14,RDS/Database,ap-south-1,Project:Backup,1123.14
2023-04-14,CloudFront/CDN,ap-south-1,Project:Backup,380.74
2023-04-15,EC2/Compute,ap-southeast-1,Project:Marketing,1206.6
2023-04-15,VPC/Networking,us-east-1,Project:Marketing,145.56
2023-04-16,S3/Storage,eu-west-1,Project:Production,123.1
2023-04-16,EBS/Storage,eu-west-1,Project:Finance,117.03
2023-04-17,RDS/Database,us-east-1,Project:Analytics,810.28
2023-04-17,EC2/Compute,eu-west-1,Project:Finance,592.06
2023-04-17,CloudFront/CDN,eu-west-1,Project:Development,447.7
2023-04-17,VPC/Networking,ap-southeast-1,Project:Backup,201.4
2023-04-18,VPC/Networking,ap-south-1,Project:Finance,223.0
2023-04-18,EBS/Storage,us-east-1,Project:Testing,249.66
2023-04-18,CloudFront/CDN,ap-southeast-1,Project:Backup,275.32
2023-04-18,EC2/Compute,ap-south-1,Project:Testing,1430.88
2023-04-19,ElastiCache/Cache,us-east-1,Project:Backup,181.01
2023-04-19,Lambda/Functions,ap-south-1,Project:Staging,189.83
2023-04-19,EBS/Storage,us-east-1,Project:Analytics,187.77
2023-04-19,CloudFront/CDN,us-east-1,Project:Finance,356.14
2023-04-19,VPC/Networking,ap-south-1,Project:Marketing,156.31
2023-04-20,RDS/Database,us-west-2,Project:Production,616.0
2023-04-20,VPC/Networking,us-west-2,Project:Analytics,177.27
2023-04-20,EC2/Compute,ap-south-1,Project:Finance,908.82
2023-04-20,CloudFront/CDN,us-east-1,Project:Staging,1353.55
2023-04-20,EBS/Storage,ap-southeast-1,Project:Backup,204.82
2023-04-20,Lambda/Functions,us-east-1,Project:Testing,149.17
2023-04-21,CloudFront/CDN,ap-south-1,Project:Marketing,430.67
2023-04-21,EBS/Storage,eu-west-1,Project:Marketing,220.14
2023-04-21,S3/Storage,eu-west-1,Project:Staging,457.2
2023-04-21,Lambda/Functions,eu-west-1,Project:Marketing,154.65
2023-04-21,RDS/Database,us-west-2,Project:Staging,572.75
2023-04-21,ElastiCache/Cache,ap-southeast-1,Project:Finance,151.78
2023-04-22,S3/Storage,ap-south-1,Project:Marketing,255.31
2023-04-22,RDS/Database,eu-west-1,Project:Backup,660.32
2023-04-22,Lambda/Functions,us-east-1,Project:Finance,101.4
2023-04-22,EBS/Storage,eu-west-1,Project:Production,173.86
2023-04-23,CloudFront/CDN,ap-south-1,Project:Staging,248.31
2023-04-23,EC2/Compute,us-east-1,Project:Development,799.76
2023-04-23,ElastiCache/Cache,ap-southeast-1,Project:Development,54.69
2023-04-23,S3/Storage,ap-south-1,Project:Staging,183.8
2023-04-24,CloudFront/CDN,eu-west-1,Project:Finance,548.82
2023-04-24,Lambda/Functions,us-west-2,Project:Production,143.84
2023-04-24,S3/Storage,us-east-1,Project:Development,432.94
2023-04-24,EC2/Compute,ap-southeast-1,Project:Backup,762.29
2023-04-25,EBS/Storage,ap-southeast-1,Project:Backup,292.56
2023-04-25,S3/Storage,us-east-1,Project:Finance,543.02
2023-04-25,EC2/Compute,ap-south-1,Project:Backup,1570.89
2023-04-25,ElastiCache/Cache,eu-west-1,Project:Production,734.96
2023-04-26,EC2/Compute,ap-southeast-1,Project:Analytics,1290.04
2023-04-26,S3/Storage,eu-west-1,Project:Staging,183.65
2023-04-26,RDS/Database,eu-west-1,Project:Testing,1875.75
2023-04-26,ElastiCache/Cache,eu-west-1,Project:Testing,178.25
2023-04-27,EC2/Compute,us-west-2,Project:Backup,1029.37
2023-04-27,EBS/Storage,us-west-2,Project:Testing,207.43
2023-04-27,VPC/Networking,us-west-2,Project:Production,131.88
2023-04-28,EBS/Storage,eu-west-1,Project:Development,255.34
2023-04-28,ElastiCache/Cache,us-east-1,Project:Development,261.91
2023-04-28,EC2/Compute,eu-west-1,Project:Finance,1682.45
2023-04-28,CloudFront/CDN,eu-west-1,Project:Finance,298.67
2023-04-28,VPC/Networking,us-west-2,Project:Analytics,249.79
2023-04-29,Lambda/Functions,ap-south-1,Project:Finance,84.34
2023-04-29,RDS/Database,us-west-2,Project:Backup,584.3
2023-04-30,EBS/Storage,ap-south-1,Project:Finance,203.3
2023-04-30,ElastiCache/Cache,us-west-2,Project:Development,178.12
2023-04-30,CloudFront/CDN,ap-south-1,Project:Development,212.33
2023-04-30,S3/Storage,ap-south-1,Project:Staging,204.77
2023-05-01,RDS/Database,us-east-1,Project:Staging,639.87
2023-05-01,Lambda/Functions,ap-south-1,Project:Analytics,226.92
2023-05-01,CloudFront/CDN,ap-southeast-1,Project:Production,504.44
2023-05-01,ElastiCache/Cache,ap-southeast-1,Project:Development,120.6
2023-05-02,VPC/Networking,us-east-1,Project:Staging,233.67
2023-05-02,ElastiCache/Cache,us-east-1,Project:Analytics,119.9
2023-05-02,RDS/Database,us-east-1,Project:Analytics,686.08
2023-05-03,Lambda/Functions,ap-southeast-1,Project:Backup,120.47
2023-05-03,EC2/Compute,us-east-1,Project:Marketing,1079.58
2023-05-03,ElastiCache/Cache,us-west-2,Project:Analytics,157.08
2023-05-04,CloudFront/CDN,eu-west-1,Project:Backup,404.69
2023-05-04,S3/Storage,ap-south-1,Project:Analytics,289.02
2023-05-04,VPC/Networking,us-west-2,Project:Production,218.78
2023-05-04,EBS/Storage,eu-west-1,Project:Development,259.26
2023-05-04,EC2/Compute,ap-south-1,Project:Analytics,974.1
2023-05-04,RDS/Database,us-west-2,Project:Staging,633.7
2023-05-05,VPC/Networking,us-east-1,Project:Production,230.63
2023-05-05,S3/Storage,us-east-1,Project:Staging,365.5
2023-05-05,CloudFront/CDN,us-east-1,Project:Analytics,350.81
2023-05-05,EC2/Compute,us-east-1,Project:Staging,929.22
2023-05-06,S3/Storage,eu-west-1,Project:Staging,255.68
2023-05-06,ElastiCache/Cache,us-west-2,Project:Production,132.36
2023-05-06,CloudFront/CDN,ap-south-1,Project:Finance,167.22
2023-05-07,S3/Storage,eu-west-1,Project:Production,179.63
2023-05-07,VPC/Networking,ap-south-1,Project:Staging,163.02
2023-05-07,EBS/Storage,ap-southeast-1,Project:Backup,440.35
2023-05-07,RDS/Database,ap-south-1,Project:Testing,656.01
2023-05-08,VPC/Networking,ap-southeast-1,Project:Testing,112.54
2023-05-08,EBS/Storage,us-east-1,Project:Analytics,272.99
2023-05-08,Lambda/Functions,eu-west-1,Project:Testing,155.66
2023-05-08,ElastiCache/Cache,ap-southeast-1,Project:Staging,109.47
2023-05-08,S3/Storage,ap-south-1,Project:Testing,238.07
2023-05-08,CloudFront/CDN,eu-west-1,Project:Staging,475.64
2023-05-09,ElastiCache/Cache,us-east-1,Project:Staging,107.93
2023-05-09,EBS/Storage,ap-southeast-1,Project:Production,252.16
2023-05-09,RDS/Database,us-west-2,Project:Staging,572.08
2023-05-10,S3/Storage,ap-south-1,Project:Finance,241.54
2023-05-10,CloudFront/CDN,ap-southeast-1,Project:Staging,343.45
2023-05-10,EC2/Compute,us-west-2,Project:Analytics,1245.55
2023-05-10,EBS/Storage,eu-west-1,Project:Marketing,320.97
2023-05-10,VPC/Networking,ap-southeast-1,Project:Backup,185.44
2023-05-11,VPC/Networking,us-east-1,Project:Marketing,147.25
2023-05-11,EBS/Storage,ap-south-1,Project:Staging,98.01
2023-05-11,EC2/Compute,ap-south-1,Project:Staging,1488.43
2023-05-11,Lambda/Functions,ap-south-1,Project:Analytics,174.28
2023-05-11,RDS/Database,us-west-2,Project:Finance,1116.61
2023-05-11,ElastiCache/Cache,eu-west-1,Project:Finance,158.04
2023-05-12,VPC/Networking,us-east-1,Project:Production,224.28
2023-05-12,ElastiCache/Cache,ap-southeast-1,Project:Testing,156.82
2023-05-12,CloudFront/CDN,us-west-2,Project:Finance,328.7
2023-05-12,EBS/Storage,ap-south-1,Project:Backup,293.56
2023-05-12,Lambda/Functions,ap-south-1,Project:Production,146.12
2023-05-13,VPC/Networking,ap-southeast-1,Project:Finance,138.1
2023-05-13,S3/Storage,us-west-2,Project:Production,220.21
2023-05-14,ElastiCache/Cache,us-east-1,Project:Analytics,599.65
2023-05-14,Lambda/Functions,ap-southeast-1,Project:Testing,116.89
2023-05-14,VPC/Networking,eu-west-1,Project:Marketing,678.64
2023-05-14,EC2/Compute,us-east-1,Project:Testing,773.55
2023-05-15,RDS/Database,us-west-2,Project:Marketing,732.61
2023-05-15,VPC/Networking,ap-southeast-1,Project:Backup,180.33
2023-05-15,Lambda/Functions,us-east-1,Project:Production,169.21
2023-05-15,EBS/Storage,us-east-1,Project:Production,275.3
2023-05-15,EC2/Compute,ap-southeast-1,Project:Analytics,1102.48
2023-05-16,ElastiCache/Cache,eu-west-1,Project:Development,280.77
2023-05-16,EBS/Storage,us-east-1,Project:Staging,312.67
2023-05-16,Lambda/Functions,ap-south-1,Project:Backup,141.49
2023-05-17,CloudFront/CDN,us-east-1,Project:Testing,534.27
2023-05-17,EBS/Storage,ap-south-1,Project:Testing,125.95
2023-05-17,ElastiCache/Cache,eu-west-1,Project:Production,166.03
2023-05-18,S3/Storage,ap-southeast-1,Project:Finance,230.54
2023-05-18,RDS/Database,us-west-2,Project:Development,437.51
2023-05-18,EBS/Storage,eu-west-1,Project:Production,277.84
2023-05-18,VPC/Networking,ap-south-1,Project:Analytics,291.6
2023-05-18,CloudFront/CDN,us-west-2,Project:Development,412.85
2023-05-18,ElastiCache/Cache,eu-west-1,Project:Production,168.68
2023-05-19,Lambda/Functions,eu-west-1,Project:Finance,183.85
2023-05-19,EBS/Storage,us-east-1,Project:Marketing,161.94
2023-05-19,ElastiCache/Cache,us-west-2,Project:Analytics,174.84
2023-05-19,CloudFront/CDN,ap-southeast-1,Project:Testing,435.25
2023-05-19,S3/Storage,ap-south-1,Project:Marketing,372.2
2023-05-19,RDS/Database,us-east-1,Project:Development,367.65
2023-05-20,S3/Storage,us-west-2,Project:Analytics,277.55
2023-05-20,ElastiCache/Cache,ap-south-1,Project:Analytics,140.46
2023-05-20,EC2/Compute,us-east-1,Project:Finance,773.72
2023-05-21,EC2/Compute,eu-west-1,Project:Marketing,917.11
2023-05-21,EBS/Storage,us-east-1,Project:Staging,282.02
2023-05-21,Lambda/Functions,us-west-2,Project:Analytics,112.85
2023-05-21,VPC/Networking,eu-west-1,Project:Analytics,166.69
2023-05-22,S3/Storage,ap-southeast-1,Project:Marketing,273.04
2023-05-22,RDS/Database,us-west-2,Project:Backup,646.51
2023-05-22,Lambda/Functions,us-west-2,Project:Backup,186.25
2023-05-22,ElastiCache/Cache,us-east-1,Project:Finance,145.75
2023-05-23,EC2/Compute,eu-west-1,Project:Backup,1256.16
2023-05-23,RDS/Database,ap-south-1,Project:Staging,921.24
2023-05-23,CloudFront/CDN,us-west-2,Project:Analytics,445.67
2023-05-23,EBS/Storage,eu-west-1,Project:Backup,323.79
2023-05-23,Lambda/Functions,ap-south-1,Project:Testing,135.84
2023-05-24,EBS/Storage,ap-southeast-1,Project:Staging,228.59
2023-05-24,VPC/Networking,eu-west-1,Project:Development,179.49
2023-05-24,RDS/Database,ap-south-1,Project:Production,621.53
2023-05-24,Lambda/Functions,us-west-2,Project:Testing,143.88
2023-05-25,Lambda/Functions,us-east-1,Project:Backup,118.74
2023-05-25,EBS/Storage,us-west-2,Project:Analytics,305.87
2023-05-25,VPC/Networking,ap-southeast-1,Project:Analytics,250.49
2023-05-25,ElastiCache/Cache,ap-southeast-1,Project:Production,247.94
2023-05-25,S3/Storage,eu-west-1,Project:Staging,337.75
2023-05-26,S3/Storage,ap-south-1,Project:Production,340.61
2023-05-26,ElastiCache/Cache,ap-southeast-1,Project:Development,414.74
2023-05-26,EC2/Compute,ap-southeast-1,Project:Finance,1814.17
2023-05-26,VPC/Networking,ap-southeast-1,Project:Backup,114.28
2023-05-26,RDS/Database,ap-south-1,Project:Staging,567.05
2023-05-27,RDS/Database,us-east-1,Project:Marketing,791.91
2023-05-27,ElastiCache/Cache,us-east-1,Project:Development,150.89
2023-05-27,Lambda/Functions,ap-southeast-1,Project:Staging,115.63
2023-05-27,EC2/Compute,us-west-2,Project:Finance,852.51
2023-05-28,EC2/Compute,us-east-1,Project:Development,4220.95
2023-05-28,Lambda/Functions,us-east-1,Project:Testing,111.58
2023-05-28,ElastiCache/Cache,ap-southeast-1,Project:Finance,93.21
2023-05-29,CloudFront/CDN,us-west-2,Project:Analytics,486.56
2023-05-29,ElastiCache/Cache,ap-south-1,Project:Staging,195.7
2023-05-29,S3/Storage,us-west-2,Project:Analytics,346.02
2023-05-29,RDS/Database,ap-south-1,Project:Analytics,846.21
2023-05-30,CloudFront/CDN,ap-south-1,Project:Analytics,575.99
2023-05-30,VPC/Networking,us-west-2,Project:Backup,302.87
2023-05-30,Lambda/Functions,eu-west-1,Project:Finance,134.73
2023-05-30,EBS/Storage,us-east-1,Project:Development,206.57
2023-05-30,S3/Storage,ap-southeast-1,Project:Finance,412.85
2023-05-30,EC2/Compute,ap-south-1,Project:Testing,1381.42
2023-05-31,CloudFront/CDN,us-west-2,Project:Finance,310.07
2023-05-31,EC2/Compute,us-west-2,Project:Analytics,1574.11
2023-05-31,ElastiCache/Cache,eu-west-1,Project:Development,179.57
2023-05-31,EBS/Storage,us-west-2,Project:Analytics,261.09
2023-06-01,CloudFront/CDN,ap-south-1,Project:Production,655.1
2023-06-01,ElastiCache/Cache,ap-southeast-1,Project:Analytics,159.29
2023-06-01,RDS/Database,us-west-2,Project:Finance,546.76
2023-06-01,EC2/Compute,ap-southeast-1,Project:Backup,833.51
2023-06-01,S3/Storage,us-east-1,Project:Backup,341.38
2023-06-01,Lambda/Functions,ap-southeast-1,Project:Backup,158.74
2023-06-02,EC2/Compute,ap-southeast-1,Project:Development,963.39
2023-06-02,RDS/Database,us-west-2,Project:Backup,965.34
2023-06-02,Lambda/Functions,eu-west-1,Project:Staging,214.32
2023-06-03,VPC/Networking,ap-southeast-1,Project:Staging,112.2
2023-06-03,EC2/Compute,us-east-1,Project:Backup,1410.96
2023-06-03,CloudFront/CDN,us-east-1,Project:Staging,304.0
2023-06-04,ElastiCache/Cache,us-east-1,Project:Staging,139.67
2023-06-04,EBS/Storage,ap-south-1,Project:Finance,129.49
2023-06-05,VPC/Networking,ap-south-1,Project:Development,233.91
2023-06-05,CloudFront/CDN,ap-south-1,Project:Testing,441.92
2023-06-05,S3/Storage,eu-west-1,Project:Marketing,115.88
2023-06-05,EC2/Compute,us-west-2,Project:Testing,1670.42
2023-06-05,RDS/Database,ap-south-1,Project:Finance,890.25
2023-06-05,EBS/Storage,ap-southeast-1,Project:Production,279.3
2023-06-06,EBS/Storage,ap-southeast-1,Project:Backup,379.97
2023-06-06,VPC/Networking,us-east-1,Project:Analytics,221.23
2023-06-06,Lambda/Functions,us-west-2,Project:Marketing,260.11
2023-06-06,CloudFront/CDN,ap-southeast-1,Project:Finance,779.52
2023-06-06,ElastiCache/Cache,eu-west-1,Project:Finance,154.41
2023-06-07,ElastiCache/Cache,eu-west-1,Project:Development,216.66
2023-06-07,VPC/Networking,ap-southeast-1,Project:Staging,238.05
2023-06-07,EBS/Storage,us-west-2,Project:Backup,294.74
2023-06-08,Lambda/Functions,us-west-2,Project:Marketing,176.49
2023-06-08,VPC/Networking,eu-west-1,Project:Production,965.83
2023-06-08,S3/Storage,ap-southeast-1,Project:Staging,307.24
2023-06-08,EBS/Storage,us-west-2,Project:Backup,254.05
2023-06-08,CloudFront/CDN,ap-southeast-1,Project:Production,457.41
2023-06-09,S3/Storage,eu-west-1,Project:Testing,307.61
2023-06-09,EC2/Compute,ap-southeast-1,Project:Production,5937.98
2023-06-09,RDS/Database,us-east-1,Project:Development,3342.99
2023-06-09,EBS/Storage,us-west-2,Project:Staging,277.73
2023-06-09,VPC/Networking,eu-west-1,Project:Staging,195.02
2023-06-10,EBS/Storage,us-west-2,Project:Backup,70.05
2023-06-10,VPC/Networking,ap-southeast-1,Project:Development,211.49
2023-06-11,RDS/Database,us-west-2,Project:Testing,320.17
2023-06-11,S3/Storage,eu-west-1,Project:Marketing,326.93
2023-06-12,Lambda/Functions,ap-south-1,Project:Backup,161.55
2023-06-12,RDS/Database,us-west-2,Project:Testing,868.44
2023-06-12,ElastiCache/Cache,us-east-1,Project:Development,138.51
2023-06-13,RDS/Database,us-east-1,Project:Staging,686.23
2023-06-13,EBS/Storage,eu-west-1,Project:Testing,239.14
2023-06-13,Lambda/Functions,ap-south-1,Project:Marketing,256.15
2023-06-14,S3/Storage,eu-west-1,Project:Production,469.58
2023-06-14,CloudFront/CDN,ap-south-1,Project:Staging,586.22
2023-06-14,ElastiCache/Cache,us-west-2,Project:Backup,252.36
2023-06-15,ElastiCache/Cache,ap-south-1,Project:Production,153.47
2023-06-15,VPC/Networking,eu-west-1,Project:Testing,206.43
2023-06-15,CloudFront/CDN,ap-south-1,Project:Analytics,533.32
2023-06-15,EC2/Compute,us-west-2,Project:Backup,989.99
2023-06-16,EC2/Compute,us-east-1,Project:Marketing,1679.97
2023-06-16,CloudFront/CDN,us-east-1,Project:Analytics,446.72
2023-06-16,ElastiCache/Cache,ap-south-1,Project:Analytics,193.83
2023-06-17,VPC/Networking,eu-west-1,Project:Development,184.86
2023-06-17,S3/Storage,ap-south-1,Project:Testing,293.92
2023-06-17,CloudFront/CDN,us-west-2,Project:Testing,302.73
2023-06-18,S3/Storage,ap-southeast-1,Project:Staging,321.96
2023-06-18,VPC/Networking,ap-south-1,Project:Production,192.03
2023-06-18,RDS/Database,us-east-1,Project:Analytics,485.74
2023-06-19,ElastiCache/Cache,us-east-1,Project:Production,147.06
2023-06-19,VPC/Networking,us-west-2,Project:Marketing,257.16
2023-06-19,EC2/Compute,eu-west-1,Project:Marketing,1316.24
2023-06-19,S3/Storage,us-east-1,Project:Testing,409.55
2023-06-20,RDS/Database,us-east-1,Project:Staging,1200.76
2023-06-20,VPC/Networking,us-east-1,Project:Production,195.94
2023-06-20,S3/Storage,us-east-1,Project:Staging,714.61
2023-06-20,ElastiCache/Cache,ap-south-1,Project:Testing,204.14
2023-06-20,CloudFront/CDN,ap-southeast-1,Project:Finance,585.52
2023-06-20,EC2/Compute,eu-west-1,Project:Development,1240.45
2023-06-21,CloudFront/CDN,us-east-1,Project:Testing,684.43
2023-06-21,EC2/Compute,us-east-1,Project:Finance,970.34
2023-06-21,EBS/Storage,ap-southeast-1,Project:Finance,342.38
2023-06-21,RDS/Database,ap-southeast-1,Project:Staging,581.19
2023-06-22,EC2/Compute,ap-south-1,Project:Backup,5289.59
2023-06-22,Lambda/Functions,ap-south-1,Project:Marketing,187.85
2023-06-22,EBS/Storage,eu-west-1,Project:Marketing,142.6
2023-06-23,Lambda/Functions,us-east-1,Project:Analytics,176.79
2023-06-23,RDS/Database,ap-southeast-1,Project:Production,822.16
2023-06-23,ElastiCache/Cache,us-west-2,Project:Staging,208.98
2023-06-23,CloudFront/CDN,eu-west-1,Project:Production,523.4
2023-06-24,CloudFront/CDN,us-west-2,Project:Analytics,425.11
2023-06-24,S3/Storage,us-east-1,Project:Production,259.29
2023-06-24,ElastiCache/Cache,ap-south-1,Project:Analytics,136.31
2023-06-24,EC2/Compute,us-east-1,Project:Testing,1028.16
2023-06-25,VPC/Networking,ap-southeast-1,Project:Development,179.46
2023-06-25,ElastiCache/Cache,ap-south-1,Project:Development,147.84
2023-06-25,EC2/Compute,us-east-1,Project:Analytics,572.35
2023-06-26,Lambda/Functions,ap-southeast-1,Project:Finance,118.38
2023-06-26,VPC/Networking,ap-south-1,Project:Development,227.14
2023-06-26,EBS/Storage,us-west-2,Project:Testing,310.33
2023-06-26,RDS/Database,eu-west-1,Project:Staging,1129.35
2023-06-27,Lambda/Functions,us-west-2,Project:Backup,194.13
2023-06-27,EBS/Storage,eu-west-1,Project:Production,239.76
2023-06-27,ElastiCache/Cache,us-east-1,Project:Finance,215.32
2023-06-27,RDS/Database,eu-west-1,Project:Development,824.03
2023-06-28,RDS/Database,ap-southeast-1,Project:Production,999.4
2023-06-28,ElastiCache/Cache,us-east-1,Project:Staging,269.52
2023-06-28,VPC/Networking,ap-southeast-1,Project:Staging,262.5
2023-06-28,EC2/Compute,eu-west-1,Project:Testing,3468.86
2023-06-28,S3/Storage,us-east-1,Project:Testing,205.21
2023-06-29,EBS/Storage,eu-west-1,Project:Development,1254.92
2023-06-29,CloudFront/CDN,us-west-2,Project:Finance,257.19
2023-06-29,EC2/Compute,us-west-2,Project:Analytics,2024.56
2023-06-29,RDS/Database,ap-southeast-1,Project:Backup,4837.67
2023-06-29,VPC/Networking,us-east-1,Project:Development,266.38
2023-06-29,ElastiCache/Cache,ap-southeast-1,Project:Testing,228.13
2023-06-30,S3/Storage,ap-southeast-1,Project:Testing,403.68
2023-06-30,Lambda/Functions,ap-southeast-1,Project:Production,179.88
2023-06-30,CloudFront/CDN,us-east-1,Project:Staging,324.11
2023-06-30,RDS/Database,ap-southeast-1,Project:Analytics,804.24
2023-07-01,VPC/Networking,ap-southeast-1,Project:Finance,174.62
2023-07-01,CloudFront/CDN,ap-south-1,Project:Finance,270.65
2023-07-01,EC2/Compute,us-west-2,Project:Production,847.94
2023-07-01,Lambda/Functions,ap-southeast-1,Project:Finance,102.42
2023-07-02,EBS/Storage,ap-southeast-1,Project:Finance,160.43
2023-07-02,EC2/Compute,eu-west-1,Project:Production,649.09
2023-07-03,EC2/Compute,us-west-2,Project:Analytics,1081.51
2023-07-03,RDS/Database,eu-west-1,Project:Production,631.41
2023-07-03,S3/Storage,us-west-2,Project:Testing,451.83
2023-07-03,VPC/Networking,eu-west-1,Project:Finance,181.83
2023-07-04,CloudFront/CDN,ap-southeast-1,Project:Marketing,535.75
2023-07-04,VPC/Networking,us-west-2,Project:Staging,395.4
2023-07-04,EBS/Storage,us-east-1,Project:Development,311.85
2023-07-05,CloudFront/CDN,eu-west-1,Project:Testing,560.54
2023-07-05,EC2/Compute,eu-west-1,Project:Staging,1123.97
2023-07-05,Lambda/Functions,eu-west-1,Project:Production,575.78
2023-07-05,ElastiCache/Cache,us-west-2,Project:Development,221.21
2023-07-06,Lambda/Functions,ap-south-1,Project:Finance,147.46
2023-07-06,VPC/Networking,ap-southeast-1,Project:Finance,307.1
2023-07-06,EC2/Compute,ap-south-1,Project:Testing,1418.82
2023-07-06,RDS/Database,us-west-2,Project:Analytics,931.31
2023-07-06,S3/Storage,eu-west-1,Project:Marketing,586.86
2023-07-07,Lambda/Functions,eu-west-1,Project:Testing,153.79
2023-07-07,S3/Storage,eu-west-1,Project:Staging,301.8
2023-07-07,VPC/Networking,us-east-1,Project:Backup,346.72
2023-07-07,EC2/Compute,us-east-1,Project:Staging,1684.92
2023-07-07,RDS/Database,ap-south-1,Project:Production,1376.92
2023-07-08,VPC/Networking,us-east-1,Project:Marketing,193.47
2023-07-08,Lambda/Functions,us-east-1,Project:Finance,155.75
2023-07-09,EC2/Compute,ap-southeast-1,Project:Backup,1158.36
2023-07-09,ElastiCache/Cache,us-west-2,Project:Analytics,91.35
2023-07-10,RDS/Database,ap-south-1,Project:Backup,636.16
2023-07-10,EC2/Compute,ap-southeast-1,Project:Testing,1654.71
2023-07-10,CloudFront/CDN,us-east-1,Project:Marketing,1246.77
2023-07-10,Lambda/Functions,us-east-1,Project:Development,175.72
2023-07-10,VPC/Networking,us-west-2,Project:Testing,195.34
2023-07-10,ElastiCache/Cache,ap-south-1,Project:Development,224.41
2023-07-11,Lambda/Functions,eu-west-1,Project:Staging,204.15
2023-07-11,CloudFront/CDN,ap-southeast-1,Project:Marketing,550.47
2023-07-11,S3/Storage,ap-southeast-1,Project:Backup,454.96
2023-07-11,VPC/Networking,eu-west-1,Project:Backup,266.2
2023-07-11,RDS/Database,eu-west-1,Project:Staging,1045.93
2023-07-11,EC2/Compute,eu-west-1,Project:Production,1731.41
2023-07-12,VPC/Networking,ap-southeast-1,Project:Backup,264.48
2023-07-12,S3/Storage,us-east-1,Project:Marketing,209.49
2023-07-12,Lambda/Functions,eu-west-1,Project:Development,175.98
2023-07-13,Lambda/Functions,eu-west-1,Project:Production,130.74
2023-07-13,CloudFront/CDN,ap-southeast-1,Project:Marketing,325.26
2023-07-13,ElastiCache/Cache,us-east-1,Project:Development,271.59
2023-07-13,S3/Storage,eu-west-1,Project:Analytics,376.92
2023-07-13,VPC/Networking,ap-southeast-1,Project:Production,255.1
2023-07-14,Lambda/Functions,ap-southeast-1,Project:Staging,177.42
2023-07-14,ElastiCache/Cache,ap-southeast-1,Project:Testing,216.63
2023-07-14,RDS/Database,us-west-2,Project:Production,832.4
2023-07-14,EC2/Compute,us-east-1,Project:Testing,1443.69
2023-07-14,EBS/Storage,us-west-2,Project:Staging,368.71
2023-07-14,CloudFront/CDN,us-east-1,Project:Analytics,559.26
2023-07-15,VPC/Networking,ap-southeast-1,Project:Finance,149.11
2023-07-15,S3/Storage,us-east-1,Project:Development,221.92
2023-07-15,ElastiCache/Cache,ap-south-1,Project:Backup,138.91
2023-07-15,EBS/Storage,ap-south-1,Project:Marketing,214.12
2023-07-16,EC2/Compute,ap-south-1,Project:Development,883.72
2023-07-16,EBS/Storage,ap-southeast-1,Project:Testing,220.75
2023-07-17,CloudFront/CDN,eu-west-1,Project:Analytics,628.23
2023-07-17,EBS/Storage,ap-southeast-1,Project:Backup,655.67
2023-07-17,ElastiCache/Cache,us-west-2,Project:Analytics,957.57
2023-07-18,ElastiCache/Cache,us-west-2,Project:Testing,270.71
2023-07-18,Lambda/Functions,eu-west-1,Project:Production,159.62
2023-07-18,EC2/Compute,eu-west-1,Project:Marketing,1953.62
2023-07-18,RDS/Database,ap-southeast-1,Project:Finance,601.22
2023-07-18,VPC/Networking,ap-southeast-1,Project:Development,250.86
2023-07-19,Lambda/Functions,ap-south-1,Project:Analytics,183.06
2023-07-19,RDS/Database,ap-southeast-1,Project:Production,1293.67
2023-07-19,S3/Storage,ap-southeast-1,Project:Finance,382.68
2023-07-19,ElastiCache/Cache,ap-south-1,Project:Testing,263.11
2023-07-19,EBS/Storage,ap-south-1,Project:Production,378.57
2023-07-19,VPC/Networking,us-west-2,Project:Production,208.23
2023-07-20,ElastiCache/Cache,ap-southeast-1,Project:Finance,293.5
2023-07-20,RDS/Database,us-west-2,Project:Finance,870.01
2023-07-20,CloudFront/CDN,ap-southeast-1,Project:Development,753.35
2023-07-20,Lambda/Functions,ap-southeast-1,Project:Testing,159.42
2023-07-21,RDS/Database,us-west-2,Project:Staging,831.89
2023-07-21,EC2/Compute,ap-southeast-1,Project:Production,1284.68
2023-07-21,S3/Storage,us-west-2,Project:Staging,500.58
2023-07-21,Lambda/Functions,us-east-1,Project:Backup,166.79
2023-07-21,VPC/Networking,us-west-2,Project:Production,158.83
2023-07-22,RDS/Database,us-east-1,Project:Finance,664.21
2023-07-22,VPC/Networking,ap-southeast-1,Project:Marketing,125.45
2023-07-22,CloudFront/CDN,ap-southeast-1,Project:Analytics,258.07
2023-07-22,EBS/Storage,eu-west-1,Project:Analytics,169.19
2023-07-23,EC2/Compute,ap-south-1,Project:Staging,1252.58
2023-07-23,VPC/Networking,eu-west-1,Project:Marketing,125.72
2023-07-23,RDS/Database,eu-west-1,Project:Finance,929.91
2023-07-23,CloudFront/CDN,ap-southeast-1,Project:Development,354.69
2023-07-24,VPC/Networking,eu-west-1,Project:Analytics,226.58
2023-07-24,S3/Storage,us-west-2,Project:Backup,419.65
2023-07-24,Lambda/Functions,ap-south-1,Project:Testing,196.7
2023-07-24,EC2/Compute,eu-west-1,Project:Marketing,1033.16
2023-07-24,ElastiCache/Cache,us-east-1,Project:Staging,212.78
2023-07-24,EBS/Storage,ap-southeast-1,Project:Testing,311.68
2023-07-25,ElastiCache/Cache,eu-west-1,Project:Analytics,231.07
2023-07-25,S3/Storage,eu-west-1,Project:Backup,301.88
2023-07-25,EC2/Compute,eu-west-1,Project:Finance,2318.39
2023-07-25,VPC/Networking,eu-west-1,Project:Staging,268.91
2023-07-26,ElastiCache/Cache,ap-southeast-1,Project:Testing,279.6
2023-07-26,EC2/Compute,us-west-2,Project:Development,1246.11
2023-07-26,CloudFront/CDN,eu-west-1,Project:Analytics,402.63
2023-07-26,S3/Storage,us-west-2,Project:Development,486.78
2023-07-26,EBS/Storage,ap-southeast-1,Project:Marketing,252.71
2023-07-26,VPC/Networking,us-west-2,Project:Testing,206.22
2023-07-27,EBS/Storage,ap-southeast-1,Project:Analytics,258.07
2023-07-27,ElastiCache/Cache,us-west-2,Project:Testing,170.71
2023-07-27,VPC/Networking,ap-southeast-1,Project:Marketing,205.35
2023-07-27,EC2/Compute,us-east-1,Project:Testing,1606.5
2023-07-28,ElastiCache/Cache,us-west-2,Project:Staging,133.91
2023-07-28,S3/Storage,ap-southeast-1,Project:Marketing,520.69
2023-07-28,EBS/Storage,eu-west-1,Project:Production,346.84
2023-07-28,EC2/Compute,ap-south-1,Project:Staging,3039.34
2023-07-28,RDS/Database,us-east-1,Project:Marketing,811.47
2023-07-28,CloudFront/CDN,eu-west-1,Project:Marketing,664.5
2023-07-29,VPC/Networking,us-west-2,Project:Finance,151.47
2023-07-29,Lambda/Functions,ap-southeast-1,Project:Finance,134.79
2023-07-29,ElastiCache/Cache,us-west-2,Project:Analytics,437.24
2023-07-30,VPC/Networking,us-east-1,Project:Analytics,252.07
2023-07-30,Lambda/Functions,us-east-1,Project:Testing,146.54
2023-07-31,CloudFront/CDN,ap-southeast-1,Project:Development,383.73
2023-07-31,EC2/Compute,us-east-1,Project:Development,1374.61
2023-07-31,VPC/Networking,us-east-1,Project:Marketing,195.9
2023-07-31,ElastiCache/Cache,ap-southeast-1,Project:Testing,141.34
2023-07-31,EBS/Storage,us-east-1,Project:Marketing,297.15
2023-08-01,EBS/Storage,ap-south-1,Project:Development,434.14
2023-08-01,EC2/Compute,us-west-2,Project:Marketing,1518.99
2023-08-01,ElastiCache/Cache,us-east-1,Project:Backup,187.85
2023-08-01,CloudFront/CDN,us-west-2,Project:Finance,477.54
2023-08-02,EC2/Compute,us-east-1,Project:Development,2347.72
2023-08-02,CloudFront/CDN,ap-south-1,Project:Backup,415.95
2023-08-02,S3/Storage,us-east-1,Project:Marketing,453.59
2023-08-02,Lambda/Functions,us-east-1,Project:Development,157.84
2023-08-02,RDS/Database,ap-southeast-1,Project:Finance,1244.17
2023-08-03,ElastiCache/Cache,ap-southeast-1,Project:Marketing,247.73
2023-08-03,VPC/Networking,us-east-1,Project:Finance,306.32
2023-08-03,CloudFront/CDN,us-east-1,Project:Marketing,561.46
2023-08-03,RDS/Database,eu-west-1,Project:Analytics,1402.3
2023-08-03,EC2/Compute,us-west-2,Project:Finance,1309.8
2023-08-03,Lambda/Functions,us-east-1,Project:Production,497.87
2023-08-04,Lambda/Functions,ap-southeast-1,Project:Analytics,202.73
2023-08-04,VPC/Networking,us-east-1,Project:Testing,310.02
2023-08-04,S3/Storage,eu-west-1,Project:Analytics,433.64
2023-08-04,EBS/Storage,us-west-2,Project:Development,379.83
2023-08-05,EBS/Storage,ap-south-1,Project:Production,243.99
2023-08-05,Lambda/Functions,us-east-1,Project:Analytics,130.59
2023-08-05,CloudFront/CDN,us-west-2,Project:Backup,321.88
2023-08-05,ElastiCache/Cache,us-west-2,Project:Analytics,203.39
2023-08-06,VPC/Networking,ap-south-1,Project:Staging,133.68
2023-08-06,CloudFront/CDN,eu-west-1,Project:Production,437.31
2023-08-07,Lambda/Functions,ap-south-1,Project:Production,779.64
2023-08-07,EBS/Storage,eu-west-1,Project:Staging,314.37
2023-08-07,VPC/Networking,ap-south-1,Project:Backup,241.75
2023-08-07,ElastiCache/Cache,us-west-2,Project:Development,285.07
2023-08-07,S3/Storage,eu-west-1,Project:Analytics,393.23
2023-08-08,Lambda/Functions,ap-southeast-1,Project:Production,277.43
2023-08-08,EC2/Compute,ap-southeast-1,Project:Staging,1457.17
2023-08-08,S3/Storage,ap-southeast-1,Project:Backup,427.29
2023-08-08,EBS/Storage,ap-southeast-1,Project:Production,348.52
2023-08-08,CloudFront/CDN,ap-southeast-1,Project:Backup,316.91
2023-08-09,EBS/Storage,ap-south-1,Project:Staging,316.59
2023-08-09,S3/Storage,ap-south-1,Project:Marketing,332.47
2023-08-09,CloudFront/CDN,ap-southeast-1,Project:Finance,510.18
2023-08-10,Lambda/Functions,eu-west-1,Project:Backup,251.16
2023-08-10,EBS/Storage,eu-west-1,Project:Backup,293.06
2023-08-10,ElastiCache/Cache,us-west-2,Project:Production,231.23
2023-08-11,ElastiCache/Cache,ap-southeast-1,Project:Development,226.28
2023-08-11,EC2/Compute,us-west-2,Project:Staging,1280.41
2023-08-11,VPC/Networking,ap-southeast-1,Project:Testing,276.72
2023-08-11,S3/Storage,us-west-2,Project:Finance,457.03
2023-08-11,EBS/Storage,ap-southeast-1,Project:Staging,314.83
2023-08-12,EBS/Storage,ap-south-1,Project:Testing,173.43
2023-08-12,EC2/Compute,ap-south-1,Project:Development,750.12
2023-08-12,VPC/Networking,ap-southeast-1,Project:Backup,173.77
2023-08-13,CloudFront/CDN,us-west-2,Project:Testing,208.32
2023-08-13,EC2/Compute,ap-southeast-1,Project:Backup,1310.81
2023-08-14,Lambda/Functions,ap-southeast-1,Project:Analytics,197.26
2023-08-14,VPC/Networking,us-west-2,Project:Marketing,334.42
2023-08-14,S3/Storage,ap-south-1,Project:Finance,310.15
2023-08-14,CloudFront/CDN,eu-west-1,Project:Marketing,472.8
2023-08-15,CloudFront/CDN,ap-south-1,Project:Marketing,306.74
2023-08-15,VPC/Networking,us-west-2,Project:Testing,108.25
2023-08-15,Lambda/Functions,ap-south-1,Project:Staging,265.09
2023-08-15,RDS/Database,eu-west-1,Project:Finance,828.12
2023-08-16,RDS/Database,ap-southeast-1,Project:Production,716.22
2023-08-16,S3/Storage,ap-south-1,Project:Analytics,400.34
2023-08-16,Lambda/Functions,us-east-1,Project:Staging,191.32
2023-08-16,CloudFront/CDN,us-east-1,Project:Analytics,566.04
2023-08-16,EBS/Storage,ap-south-1,Project:Marketing,262.83
2023-08-17,CloudFront/CDN,us-east-1,Project:Marketing,413.15
2023-08-17,S3/Storage,ap-south-1,Project:Staging,419.37
2023-08-17,VPC/Networking,ap-south-1,Project:Production,163.51
2023-08-17,RDS/Database,ap-southeast-1,Project:Development,1171.77
2023-08-18,CloudFront/CDN,eu-west-1,Project:Production,1936.51
2023-08-18,RDS/Database,eu-west-1,Project:Staging,595.2
2023-08-18,S3/Storage,us-east-1,Project:Testing,356.69
2023-08-18,EC2/Compute,us-west-2,Project:Marketing,1193.56
2023-08-18,VPC/Networking,ap-south-1,Project:Backup,176.19
2023-08-18,Lambda/Functions,ap-southeast-1,Project:Analytics,175.93
2023-08-19,EC2/Compute,us-west-2,Project:Production,1099.37
2023-08-19,Lambda/Functions,ap-south-1,Project:Marketing,403.42
2023-08-19,S3/Storage,eu-west-1,Project:Marketing,267.98
2023-08-19,EBS/Storage,eu-west-1,Project:Production,144.64
2023-08-20,VPC/Networking,us-west-2,Project:Analytics,182.87
2023-08-20,Lambda/Functions,eu-west-1,Project:Staging,123.73
2023-08-20,CloudFront/CDN,eu-west-1,Project:Development,458.47
2023-08-20,ElastiCache/Cache,ap-south-1,Project:Development,193.94
2023-08-21,VPC/Networking,ap-southeast-1,Project:Staging,279.34
2023-08-21,EBS/Storage,ap-south-1,Project:Staging,400.81
2023-08-21,ElastiCache/Cache,us-east-1,Project:Development,240.85
2023-08-21,CloudFront/CDN,eu-west-1,Project:Analytics,504.99
2023-08-21,S3/Storage,eu-west-1,Project:Marketing,402.23
2023-08-21,RDS/Database,ap-south-1,Project:Backup,1099.82
2023-08-22,RDS/Database,eu-west-1,Project:Backup,941.27
2023-08-22,EBS/Storage,eu-west-1,Project:Production,354.23
2023-08-22,CloudFront/CDN,eu-west-1,Project:Staging,654.77
2023-08-23,ElastiCache/Cache,us-west-2,Project:Staging,314.25
2023-08-23,S3/Storage,ap-south-1,Project:Production,300.08
2023-08-23,CloudFront/CDN,ap-southeast-1,Project:Development,476.69
2023-08-24,S3/Storage,eu-west-1,Project:Production,232.01
2023-08-24,CloudFront/CDN,us-east-1,Project:Analytics,427.9
2023-08-24,EBS/Storage,ap-south-1,Project:Development,249.76
2023-08-24,EC2/Compute,ap-southeast-1,Project:Analytics,1209.12
2023-08-24,VPC/Networking,us-east-1,Project:Testing,248.52
2023-08-24,ElastiCache/Cache,us-west-2,Project:Marketing,262.28
2023-08-25,VPC/Networking,us-east-1,Project:Marketing,94.9
2023-08-25,S3/Storage,ap-south-1,Project:Production,190.62
2023-08-25,EBS/Storage,us-east-1,Project:Finance,267.03
2023-08-26,S3/Storage,ap-southeast-1,Project:Analytics,152.79
2023-08-26,Lambda/Functions,us-west-2,Project:Testing,151.32
2023-08-26,RDS/Database,us-east-1,Project:Backup,802.76
2023-08-27,CloudFront/CDN,eu-west-1,Project:Production,373.21
2023-08-27,RDS/Database,us-east-1,Project:Marketing,674.05
2023-08-27,S3/Storage,us-east-1,Project:Analytics,249.98
2023-08-27,VPC/Networking,ap-south-1,Project:Testing,127.89
2023-08-28,ElastiCache/Cache,eu-west-1,Project:Staging,298.41
2023-08-28,VPC/Networking,ap-south-1,Project:Production,293.85
2023-08-28,Lambda/Functions,us-west-2,Project:Testing,128.4
2023-08-28,S3/Storage,us-east-1,Project:Marketing,363.92
2023-08-28,CloudFront/CDN,ap-south-1,Project:Backup,455.36
2023-08-29,VPC/Networking,us-east-1,Project:Staging,226.15
2023-08-29,CloudFront/CDN,ap-southeast-1,Project:Finance,399.89
2023-08-29,Lambda/Functions,eu-west-1,Project:Testing,135.51
2023-08-29,ElastiCache/Cache,us-west-2,Project:Development,106.2
2023-08-29,S3/Storage,eu-west-1,Project:Finance,380.4
2023-08-30,VPC/Networking,us-west-2,Project:Staging,224.14
2023-08-30,S3/Storage,us-west-2,Project:Finance,419.57
2023-08-30,RDS/Database,eu-west-1,Project:Backup,1102.39
2023-08-30,EC2/Compute,ap-southeast-1,Project:Backup,1239.96
2023-08-30,Lambda/Functions,ap-southeast-1,Project:Marketing,262.08
2023-08-31,EBS/Storage,us-east-1,Project:Development,371.09
2023-08-31,RDS/Database,ap-south-1,Project:Production,978.91
2023-08-31,S3/Storage,ap-south-1,Project:Staging,488.23
2023-08-31,ElastiCache/Cache,ap-south-1,Project:Analytics,181.92
2023-09-01,EC2/Compute,ap-south-1,Project:Backup,1477.97
2023-09-01,RDS/Database,ap-south-1,Project:Marketing,1026.62
2023-09-01,CloudFront/CDN,us-west-2,Project:Finance,460.7
2023-09-01,EBS/Storage,ap-south-1,Project:Development,303.78
2023-09-02,CloudFront/CDN,us-west-2,Project:Development,308.17
2023-09-02,VPC/Networking,us-west-2,Project:Testing,127.18
2023-09-02,S3/Storage,ap-southeast-1,Project:Finance,1254.42
2023-09-02,EC2/Compute,us-west-2,Project:Testing,1112.15
2023-09-03,VPC/Networking,ap-southeast-1,Project:Production,479.61
2023-09-03,EC2/Compute,us-west-2,Project:Finance,1338.32
2023-09-04,VPC/Networking,us-east-1,Project:Marketing,175.67
2023-09-04,EBS/Storage,ap-southeast-1,Project:Finance,275.28
2023-09-04,CloudFront/CDN,eu-west-1,Project:Testing,601.82
2023-09-05,RDS/Database,us-west-2,Project:Backup,772.29
2023-09-05,EBS/Storage,ap-southeast-1,Project:Production,230.61
2023-09-05,ElastiCache/Cache,us-east-1,Project:Marketing,208.92
2023-09-05,Lambda/Functions,us-west-2,Project:Testing,177.98
2023-09-06,RDS/Database,ap-southeast-1,Project:Production,1289.39
2023-09-06,Lambda/Functions,us-east-1,Project:Backup,134.86
2023-09-06,ElastiCache/Cache,ap-southeast-1,Project:Staging,187.78
2023-09-07,RDS/Database,us-east-1,Project:Testing,1202.55
2023-09-07,CloudFront/CDN,eu-west-1,Project:Development,432.52
2023-09-07,VPC/Networking,ap-southeast-1,Project:Production,211.95
2023-09-07,S3/Storage,eu-west-1,Project:Testing,349.29
2023-09-08,EBS/Storage,us-east-1,Project:Staging,245.61
2023-09-08,VPC/Networking,ap-south-1,Project:Analytics,230.96
2023-09-08,S3/Storage,eu-west-1,Project:Backup,234.46
2023-09-08,RDS/Database,ap-south-1,Project:Development,975.91
2023-09-08,ElastiCache/Cache,us-west-2,Project:Marketing,217.99
2023-09-08,Lambda/Functions,us-west-2,Project:Development,327.55
2023-09-09,VPC/Networking,us-east-1,Project:Analytics,93.2
2023-09-09,EC2/Compute,us-east-1,Project:Development,775.61
2023-09-09,CloudFront/CDN,ap-southeast-1,Project:Analytics,203.95
2023-09-09,EBS/Storage,us-west-2,Project:Production,256.1
2023-09-10,CloudFront/CDN,us-east-1,Project:Marketing,417.93
2023-09-10,RDS/Database,eu-west-1,Project:Backup,742.21
2023-09-10,EBS/Storage,ap-south-1,Project:Development,194.13
2023-09-11,VPC/Networking,eu-west-1,Project:Marketing,201.05
2023-09-11,ElastiCache/Cache,ap-southeast-1,Project:Finance,230.88
2023-09-11,CloudFront/CDN,us-east-1,Project:Analytics,372.03
2023-09-11,RDS/Database,ap-southeast-1,Project:Staging,977.55
2023-09-11,S3/Storage,eu-west-1,Project:Analytics,400.17
2023-09-11,EC2/Compute,us-west-2,Project:Analytics,1248.58
2023-09-12,Lambda/Functions,ap-southeast-1,Project:Finance,173.22
2023-09-12,RDS/Database,eu-west-1,Project:Finance,509.35
2023-09-12,VPC/Networking,us-west-2,Project:Development,177.29
2023-09-12,CloudFront/CDN,us-east-1,Project:Staging,565.34
2023-09-12,S3/Storage,ap-south-1,Project:Production,354.17
2023-09-12,ElastiCache/Cache,ap-southeast-1,Project:Testing,258.96
2023-09-13,EBS/Storage,eu-west-1,Project:Staging,226.6
2023-09-13,ElastiCache/Cache,ap-south-1,Project:Production,157.42
2023-09-13,S3/Storage,ap-southeast-1,Project:Analytics,335.85
2023-09-14,EC2/Compute,us-east-1,Project:Finance,1144.56
2023-09-14,CloudFront/CDN,ap-southeast-1,Project:Backup,1901.67
2023-09-14,VPC/Networking,ap-south-1,Project:Marketing,271.88
2023-09-14,S3/Storage,us-east-1,Project:Testing,376.2
2023-09-14,RDS/Database,eu-west-1,Project:Analytics,252.29
2023-09-14,ElastiCache/Cache,ap-south-1,Project:Staging,214.93
2023-09-15,EBS/Storage,us-east-1,Project:Development,338.34
2023-09-15,S3/Storage,eu-west-1,Project:Staging,286.84
2023-09-15,CloudFront/CDN,ap-south-1,Project:Finance,237.65
2023-09-15,RDS/Database,ap-southeast-1,Project:Development,1085.22
2023-09-15,ElastiCache/Cache,us-west-2,Project:Backup,136.28
2023-09-15,EC2/Compute,ap-south-1,Project:Production,853.31
2023-09-16,ElastiCache/Cache,ap-south-1,Project:Production,148.3
2023-09-16,RDS/Database,ap-southeast-1,Project:Backup,639.91
2023-09-16,CloudFront/CDN,eu-west-1,Project:Marketing,260.02
2023-09-16,EC2/Compute,eu-west-1,Project:Backup,872.98
2023-09-17,VPC/Networking,us-east-1,Project:Marketing,183.93
2023-09-17,S3/Storage,us-west-2,Project:Staging,225.12
2023-09-17,Lambda/Functions,ap-southeast-1,Project:Finance,75.02
2023-09-18,VPC/Networking,us-west-2,Project:Backup,128.52
2023-09-18,EBS/Storage,eu-west-1,Project:Development,230.54
2023-09-18,ElastiCache/Cache,us-west-2,Project:Marketing,169.09
2023-09-19,VPC/Networking,us-west-2,Project:Staging,255.17
2023-09-19,EBS/Storage,us-east-1,Project:Development,240.08
2023-09-19,ElastiCache/Cache,us-west-2,Project:Marketing,260.46
2023-09-19,S3/Storage,eu-west-1,Project:Testing,288.15
2023-09-20,ElastiCache/Cache,ap-south-1,Project:Testing,209.8
2023-09-20,S3/Storage,us-east-1,Project:Finance,334.57
2023-09-20,EC2/Compute,ap-south-1,Project:Finance,1161.33
2023-09-20,EBS/Storage,ap-south-1,Project:Marketing,399.7
2023-09-20,CloudFront/CDN,ap-south-1,Project:Marketing,461.15
2023-09-20,Lambda/Functions,ap-southeast-1,Project:Backup,198.52
2023-09-21,ElastiCache/Cache,ap-southeast-1,Project:Finance,177.2
2023-09-21,VPC/Networking,us-east-1,Project:Finance,206.75
2023-09-21,EC2/Compute,us-east-1,Project:Staging,1201.12
2023-09-21,CloudFront/CDN,eu-west-1,Project:Testing,417.12
2023-09-22,ElastiCache/Cache,eu-west-1,Project:Finance,224.21
2023-09-22,Lambda/Functions,us-west-2,Project:Analytics,159.97
2023-09-22,CloudFront/CDN,eu-west-1,Project:Testing,497.72
2023-09-22,RDS/Database,eu-west-1,Project:Backup,825.24
2023-09-23,EBS/Storage,ap-south-1,Project:Analytics,92.22
2023-09-23,Lambda/Functions,us-east-1,Project:Marketing,112.74
2023-09-24,EBS/Storage,us-west-2,Project:Analytics,200.28
2023-09-24,RDS/Database,us-west-2,Project:Backup,724.9
2023-09-25,CloudFront/CDN,eu-west-1,Project:Marketing,406.66
2023-09-25,EC2/Compute,ap-south-1,Project:Marketing,1614.29
2023-09-25,EBS/Storage,ap-southeast-1,Project:Development,400.84
2023-09-25,ElastiCache/Cache,ap-southeast-1,Project:Development,236.92
2023-09-25,RDS/Database,us-east-1,Project:Staging,252.82
2023-09-26,ElastiCache/Cache,eu-west-1,Project:Backup,280.4
2023-09-26,VPC/Networking,ap-south-1,Project:Backup,155.23
2023-09-26,RDS/Database,eu-west-1,Project:Finance,972.0
2023-09-26,S3/Storage,ap-south-1,Project:Testing,233.91
2023-09-26,CloudFront/CDN,ap-southeast-1,Project:Development,355.72
2023-09-26,EBS/Storage,us-west-2,Project:Testing,250.84
2023-09-27,EBS/Storage,us-east-1,Project:Development,277.77
2023-09-27,Lambda/Functions,eu-west-1,Project:Backup,172.49
2023-09-27,CloudFront/CDN,eu-west-1,Project:Marketing,473.75
2023-09-27,ElastiCache/Cache,ap-southeast-1,Project:Marketing,196.82
2023-09-27,VPC/Networking,us-west-2,Project:Finance,256.6
2023-09-28,VPC/Networking,ap-southeast-1,Project:Production,706.49
2023-09-28,EBS/Storage,us-east-1,Project:Development,332.71
2023-09-28,EC2/Compute,eu-west-1,Project:Development,2024.76
2023-09-28,S3/Storage,ap-southeast-1,Project:Development,311.65
2023-09-29,S3/Storage,us-west-2,Project:Staging,403.67
2023-09-29,Lambda/Functions,us-west-2,Project:Production,563.07
2023-09-29,VPC/Networking,ap-southeast-1,Project:Testing,273.41
2023-09-29,RDS/Database,eu-west-1,Project:Backup,602.37
2023-09-30,Lambda/Functions,ap-south-1,Project:Marketing,119.09
2023-09-30,ElastiCache/Cache,ap-southeast-1,Project:Analytics,94.78
2023-09-30,CloudFront/CDN,ap-south-1,Project:Testing,415.79
2023-09-30,S3/Storage,ap-southeast-1,Project:Staging,179.67
2023-10-01,CloudFront/CDN,eu-west-1,Project:Testing,290.55
2023-10-01,RDS/Database,us-east-1,Project:Testing,639.12
2023-10-01,Lambda/Functions,ap-southeast-1,Project:Production,119.63
2023-10-02,CloudFront/CDN,ap-south-1,Project:Marketing,547.39
2023-10-02,EC2/Compute,ap-southeast-1,Project:Analytics,1409.28
2023-10-02,Lambda/Functions,ap-southeast-1,Project:Analytics,148.56
2023-10-02,RDS/Database,us-west-2,Project:Analytics,1184.27
2023-10-02,EBS/Storage,us-east-1,Project:Analytics,327.26
2023-10-02,ElastiCache/Cache,us-west-2,Project:Production,209.89
2023-10-03,EBS/Storage,eu-west-1,Project:Development,182.8
2023-10-03,ElastiCache/Cache,us-east-1,Project:Testing,633.65
2023-10-03,CloudFront/CDN,us-west-2,Project:Development,567.14
2023-10-03,EC2/Compute,ap-south-1,Project:Backup,1487.92
2023-10-03,S3/Storage,ap-south-1,Project:Backup,363.77
2023-10-04,EC2/Compute,ap-southeast-1,Project:Finance,1211.45
2023-10-04,S3/Storage,us-east-1,Project:Finance,317.79
2023-10-04,ElastiCache/Cache,us-east-1,Project:Testing,484.73
2023-10-04,VPC/Networking,ap-southeast-1,Project:Marketing,217.67
2023-10-05,EC2/Compute,ap-south-1,Project:Backup,919.38
2023-10-05,RDS/Database,eu-west-1,Project:Analytics,540.35
2023-10-05,Lambda/Functions,us-east-1,Project:Staging,221.42
2023-10-05,ElastiCache/Cache,ap-southeast-1,Project:Staging,149.75
2023-10-06,VPC/Networking,us-east-1,Project:Development,177.4
2023-10-06,ElastiCache/Cache,eu-west-1,Project:Finance,87.72
2023-10-06,Lambda/Functions,us-east-1,Project:Staging,119.1
2023-10-07,EC2/Compute,us-west-2,Project:Production,734.3
2023-10-07,RDS/Database,ap-south-1,Project:Development,740.51
2023-10-07,S3/Storage,ap-southeast-1,Project:Finance,1370.77
2023-10-07,CloudFront/CDN,us-west-2,Project:Development,197.84
2023-10-08,VPC/Networking,ap-southeast-1,Project:Development,184.13
2023-10-08,S3/Storage,us-west-2,Project:Development,83.19
2023-10-08,ElastiCache/Cache,eu-west-1,Project:Development,207.98
2023-10-08,CloudFront/CDN,eu-west-1,Project:Production,271.67
2023-10-09,VPC/Networking,ap-southeast-1,Project:Staging,1040.96
2023-10-09,ElastiCache/Cache,ap-southeast-1,Project:Backup,111.91
2023-10-09,RDS/Database,ap-south-1,Project:Backup,1060.97
2023-10-09,CloudFront/CDN,us-west-2,Project:Marketing,275.71
2023-10-10,RDS/Database,us-west-2,Project:Backup,1137.59
2023-10-10,VPC/Networking,eu-west-1,Project:Testing,340.15
2023-10-10,Lambda/Functions,ap-south-1,Project:Analytics,182.02
2023-10-10,ElastiCache/Cache,eu-west-1,Project:Finance,216.96
2023-10-11,EBS/Storage,ap-south-1,Project:Analytics,314.27
2023-10-11,CloudFront/CDN,ap-southeast-1,Project:Testing,452.35
2023-10-11,VPC/Networking,us-west-2,Project:Finance,256.41
2023-10-12,EC2/Compute,ap-south-1,Project:Analytics,1179.17
2023-10-12,RDS/Database,ap-southeast-1,Project:Staging,686.08
2023-10-12,EBS/Storage,ap-south-1,Project:Development,1304.83
2023-10-12,CloudFront/CDN,ap-south-1,Project:Marketing,649.06
2023-10-12,VPC/Networking,us-west-2,Project:Production,208.05
2023-10-13,VPC/Networking,ap-southeast-1,Project:Finance,153.08
2023-10-13,EC2/Compute,ap-southeast-1,Project:Development,1237.22
2023-10-13,S3/Storage,us-east-1,Project:Finance,238.73
2023-10-14,ElastiCache/Cache,us-east-1,Project:Staging,179.56
2023-10-14,CloudFront/CDN,us-east-1,Project:Development,309.33
2023-10-15,S3/Storage,us-west-2,Project:Analytics,273.03
2023-10-15,VPC/Networking,ap-south-1,Project:Staging,89.91
2023-10-16,EC2/Compute,us-west-2,Project:Analytics,957.4
2023-10-16,EBS/Storage,eu-west-1,Project:Backup,198.99
2023-10-16,VPC/Networking,ap-southeast-1,Project:Development,261.27
2023-10-16,CloudFront/CDN,us-west-2,Project:Backup,399.28
2023-10-17,Lambda/Functions,ap-southeast-1,Project:Analytics,222.5
2023-10-17,RDS/Database,eu-west-1,Project:Finance,868.53
2023-10-17,EBS/Storage,us-west-2,Project:Analytics,200.43
2023-10-17,VPC/Networking,eu-west-1,Project:Staging,240.65
2023-10-17,CloudFront/CDN,eu-west-1,Project:Production,359.51
2023-10-18,EBS/Storage,us-west-2,Project:Staging,301.03
2023-10-18,RDS/Database,ap-south-1,Project:Testing,509.32
2023-10-18,S3/Storage,ap-southeast-1,Project:Finance,352.35
2023-10-18,VPC/Networking,eu-west-1,Project:Finance,210.56
2023-10-18,EC2/Compute,us-east-1,Project:Marketing,1371.1
2023-10-19,ElastiCache/Cache,ap-south-1,Project:Analytics,196.3
2023-10-19,CloudFront/CDN,us-west-2,Project:Backup,567.63
2023-10-19,EBS/Storage,eu-west-1,Project:Production,236.15
2023-10-19,Lambda/Functions,ap-south-1,Project:Development,163.7
2023-10-19,S3/Storage,us-east-1,Project:Finance,335.23
2023-10-20,Lambda/Functions,ap-southeast-1,Project:Production,160.37
2023-10-20,VPC/Networking,ap-southeast-1,Project:Development,240.43
2023-10-20,RDS/Database,us-west-2,Project:Production,857.06
2023-10-21,VPC/Networking,ap-south-1,Project:Testing,122.19
2023-10-21,CloudFront/CDN,us-west-2,Project:Testing,247.29
2023-10-22,VPC/Networking,us-east-1,Project:Analytics,122.55
2023-10-22,CloudFront/CDN,eu-west-1,Project:Development,204.27
2023-10-22,EBS/Storage,ap-south-1,Project:Development,120.32
2023-10-22,Lambda/Functions,eu-west-1,Project:Analytics,159.8
2023-10-23,ElastiCache/Cache,ap-south-1,Project:Staging,233.27
2023-10-23,S3/Storage,eu-west-1,Project:Analytics,416.8
2023-10-23,Lambda/Functions,ap-southeast-1,Project:Analytics,169.93
2023-10-23,EBS/Storage,ap-south-1,Project:Staging,217.2
2023-10-23,VPC/Networking,ap-south-1,Project:Staging,196.18
2023-10-23,CloudFront/CDN,ap-south-1,Project:Development,352.28
2023-10-24,RDS/Database,ap-south-1,Project:Backup,1301.79
2023-10-24,CloudFront/CDN,ap-southeast-1,Project:Production,297.89
2023-10-24,EC2/Compute,us-west-2,Project:Staging,1369.49
2023-10-24,VPC/Networking,eu-west-1,Project:Testing,167.6
2023-10-25,S3/Storage,us-west-2,Project:Testing,368.18
2023-10-25,EC2/Compute,eu-west-1,Project:Production,1402.79
2023-10-25,EBS/Storage,us-east-1,Project:Finance,256.25
2023-10-25,VPC/Networking,us-east-1,Project:Marketing,202.07
2023-10-26,Lambda/Functions,ap-south-1,Project:Backup,160.68
2023-10-26,CloudFront/CDN,us-west-2,Project:Production,408.26
2023-10-26,EBS/Storage,ap-south-1,Project:Production,328.73
2023-10-26,RDS/Database,us-east-1,Project:Marketing,1316.13
2023-10-27,ElastiCache/Cache,ap-south-1,Project:Development,313.79
2023-10-27,CloudFront/CDN,ap-southeast-1,Project:Development,338.75
2023-10-27,VPC/Networking,ap-southeast-1,Project:Staging,207.28
2023-10-27,Lambda/Functions,eu-west-1,Project:Development,481.07
2023-10-27,EC2/Compute,ap-southeast-1,Project:Marketing,1094.51
2023-10-28,CloudFront/CDN,eu-west-1,Project:Finance,421.29
2023-10-28,EC2/Compute,eu-west-1,Project:Finance,1017.06
2023-10-28,VPC/Networking,us-west-2,Project:Production,127.86
2023-10-28,ElastiCache/Cache,us-east-1,Project:Staging,188.29
2023-10-29,CloudFront/CDN,us-east-1,Project:Marketing,417.71
2023-10-29,EBS/Storage,us-east-1,Project:Marketing,167.95
2023-10-30,VPC/Networking,ap-south-1,Project:Testing,181.24
2023-10-30,Lambda/Functions,ap-south-1,Project:Staging,110.39
2023-10-30,EBS/Storage,ap-south-1,Project:Staging,251.61
2023-10-30,S3/Storage,eu-west-1,Project:Finance,237.42
2023-10-30,EC2/Compute,us-west-2,Project:Staging,1065.93
2023-10-31,S3/Storage,us-west-2,Project:Production,336.78
2023-10-31,Lambda/Functions,us-east-1,Project:Testing,128.47
2023-10-31,CloudFront/CDN,ap-southeast-1,Project:Analytics,259.22
2023-10-31,RDS/Database,eu-west-1,Project:Development,855.71
2023-10-31,VPC/Networking,eu-west-1,Project:Testing,229.67
2023-11-01,EC2/Compute,us-west-2,Project:Production,1809.6
2023-11-01,S3/Storage,ap-south-1,Project:Staging,207.5
2023-11-01,RDS/Database,ap-south-1,Project:Marketing,1333.13
2023-11-02,EBS/Storage,ap-southeast-1,Project:Production,489.01
2023-11-02,Lambda/Functions,ap-southeast-1,Project:Staging,228.57
2023-11-02,CloudFront/CDN,us-west-2,Project:Staging,384.87
2023-11-02,RDS/Database,ap-southeast-1,Project:Backup,1442.1
2023-11-02,ElastiCache/Cache,us-west-2,Project:Staging,204.51
2023-11-02,EC2/Compute,ap-southeast-1,Project:Backup,1632.08
2023-11-03,EBS/Storage,ap-southeast-1,Project:Backup,391.34
2023-11-03,ElastiCache/Cache,ap-south-1,Project:Production,253.04
2023-11-03,EC2/Compute,us-east-1,Project:Staging,1274.43
2023-11-03,RDS/Database,ap-south-1,Project:Production,713.59
2023-11-03,Lambda/Functions,eu-west-1,Project:Analytics,235.82
2023-11-03,VPC/Networking,ap-southeast-1,Project:Production,287.59
2023-11-04,RDS/Database,ap-south-1,Project:Production,598.09
2023-11-04,ElastiCache/Cache,us-west-2,Project:Backup,141.89
2023-11-04,EBS/Storage,ap-southeast-1,Project:Testing,234.75
2023-11-05,S3/Storage,us-east-1,Project:Testing,379.38
2023-11-05,CloudFront/CDN,eu-west-1,Project:Backup,1496.57
2023-11-05,VPC/Networking,ap-south-1,Project:Testing,245.92
2023-11-06,EC2/Compute,ap-southeast-1,Project:Finance,1525.38
2023-11-06,ElastiCache/Cache,us-west-2,Project:Development,180.61
2023-11-06,RDS/Database,ap-southeast-1,Project:Testing,1439.17
2023-11-06,VPC/Networking,ap-southeast-1,Project:Production,285.85
2023-11-07,VPC/Networking,us-east-1,Project:Marketing,889.92
2023-11-07,EBS/Storage,us-east-1,Project:Testing,361.72
2023-11-07,S3/Storage,ap-southeast-1,Project:Marketing,454.91
2023-11-07,EC2/Compute,ap-southeast-1,Project:Production,1712.03
2023-11-07,RDS/Database,ap-southeast-1,Project:Marketing,1744.89
2023-11-08,ElastiCache/Cache,eu-west-1,Project:Production,199.71
2023-11-08,VPC/Networking,us-east-1,Project:Marketing,184.26
2023-11-08,S3/Storage,us-east-1,Project:Staging,487.59
2023-11-08,CloudFront/CDN,eu-west-1,Project:Staging,1673.32
2023-11-08,EBS/Storage,us-east-1,Project:Production,186.74
2023-11-08,Lambda/Functions,ap-southeast-1,Project:Development,199.23
2023-11-09,ElastiCache/Cache,us-east-1,Project:Marketing,114.8
2023-11-09,CloudFront/CDN,ap-southeast-1,Project:Development,606.12
2023-11-09,RDS/Database,ap-south-1,Project:Testing,1245.22
2023-11-09,VPC/Networking,ap-south-1,Project:Finance,200.03
2023-11-10,S3/Storage,ap-south-1,Project:Production,501.28
2023-11-10,Lambda/Functions,ap-southeast-1,Project:Staging,206.89
2023-11-10,CloudFront/CDN,us-east-1,Project:Marketing,896.93
2023-11-11,Lambda/Functions,eu-west-1,Project:Marketing,141.49
2023-11-11,S3/Storage,eu-west-1,Project:Analytics,296.08
2023-11-11,CloudFront/CDN,ap-south-1,Project:Backup,358.79
2023-11-11,VPC/Networking,ap-south-1,Project:Finance,237.87
2023-11-12,S3/Storage,us-east-1,Project:Staging,241.73
2023-11-12,CloudFront/CDN,ap-southeast-1,Project:Analytics,1472.32
2023-11-12,Lambda/Functions,us-east-1,Project:Development,607.7
2023-11-12,ElastiCache/Cache,us-west-2,Project:Marketing,185.76
2023-11-13,RDS/Database,ap-south-1,Project:Production,857.36
2023-11-13,EC2/Compute,eu-west-1,Project:Development,1586.05
2023-11-13,VPC/Networking,ap-south-1,Project:Finance,224.2
2023-11-13,S3/Storage,us-east-1,Project:Finance,470.26
2023-11-14,VPC/Networking,ap-southeast-1,Project:Production,278.43
2023-11-14,Lambda/Functions,ap-southeast-1,Project:Production,231.97
2023-11-14,EBS/Storage,ap-southeast-1,Project:Testing,344.82
2023-11-14,RDS/Database,ap-south-1,Project:Finance,1406.17
2023-11-15,CloudFront/CDN,eu-west-1,Project:Development,666.14
2023-11-15,S3/Storage,ap-southeast-1,Project:Testing,415.88
2023-11-15,EBS/Storage,eu-west-1,Project:Production,465.81
2023-11-15,EC2/Compute,ap-southeast-1,Project:Testing,1890.6
2023-11-15,VPC/Networking,ap-south-1,Project:Finance,274.81
2023-11-16,EC2/Compute,eu-west-1,Project:Staging,1532.9
2023-11-16,VPC/Networking,us-east-1,Project:Backup,185.88
2023-11-16,Lambda/Functions,us-east-1,Project:Staging,197.74
2023-11-16,RDS/Database,us-west-2,Project:Development,937.77
2023-11-16,ElastiCache/Cache,eu-west-1,Project:Backup,182.64
2023-11-17,EBS/Storage,ap-south-1,Project:Marketing,391.59
2023-11-17,CloudFront/CDN,ap-south-1,Project:Testing,620.57
2023-11-17,S3/Storage,us-east-1,Project:Backup,421.65
2023-11-17,EC2/Compute,eu-west-1,Project:Backup,1683.35
2023-11-17,Lambda/Functions,us-west-2,Project:Development,203.82
2023-11-17,ElastiCache/Cache,ap-south-1,Project:Development,604.5
2023-11-18,S3/Storage,us-east-1,Project:Marketing,950.44
2023-11-18,Lambda/Functions,eu-west-1,Project:Marketing,101.33
2023-11-18,EC2/Compute,ap-southeast-1,Project:Development,1336.4
2023-11-18,RDS/Database,us-west-2,Project:Finance,746.83
2023-11-19,CloudFront/CDN,us-east-1,Project:Development,535.71
2023-11-19,EC2/Compute,eu-west-1,Project:Finance,1516.47
2023-11-20,RDS/Database,us-east-1,Project:Analytics,1013.88
2023-11-20,EC2/Compute,us-east-1,Project:Development,1722.5
2023-11-20,S3/Storage,us-east-1,Project:Backup,569.93
2023-11-20,CloudFront/CDN,ap-south-1,Project:Backup,468.7
2023-11-20,Lambda/Functions,ap-south-1,Project:Backup,196.52
2023-11-21,EBS/Storage,ap-southeast-1,Project:Development,312.48
2023-11-21,VPC/Networking,ap-southeast-1,Project:Testing,255.91
2023-11-21,EC2/Compute,ap-south-1,Project:Marketing,1662.35
2023-11-21,S3/Storage,ap-southeast-1,Project:Backup,432.96
2023-11-21,CloudFront/CDN,us-west-2,Project:Testing,575.92
2023-11-22,VPC/Networking,us-east-1,Project:Finance,359.32
2023-11-22,CloudFront/CDN,ap-southeast-1,Project:Development,200.21
2023-11-22,RDS/Database,ap-southeast-1,Project:Production,1228.59
2023-11-22,ElastiCache/Cache,ap-south-1,Project:Testing,156.7
2023-11-22,EBS/Storage,us-west-2,Project:Marketing,428.29
2023-11-22,S3/Storage,us-east-1,Project:Marketing,512.37
2023-11-23,CloudFront/CDN,ap-southeast-1,Project:Finance,391.87
2023-11-23,VPC/Networking,us-east-1,Project:Backup,314.44
2023-11-23,EBS/Storage,ap-southeast-1,Project:Development,227.89
2023-11-23,S3/Storage,ap-south-1,Project:Analytics,392.08
2023-11-23,ElastiCache/Cache,us-west-2,Project:Testing,136.97
2023-11-23,Lambda/Functions,ap-south-1,Project:Backup,247.14
2023-11-24,RDS/Database,us-east-1,Project:Development,956.7
2023-11-24,ElastiCache/Cache,ap-southeast-1,Project:Development,213.37
2023-11-24,S3/Storage,ap-south-1,Project:Analytics,146.36
2023-11-25,EBS/Storage,eu-west-1,Project:Analytics,152.79
2023-11-25,EC2/Compute,us-west-2,Project:Testing,1277.61
2023-11-26,VPC/Networking,eu-west-1,Project:Development,222.07
2023-11-26,S3/Storage,eu-west-1,Project:Analytics,289.85
2023-11-26,Lambda/Functions,eu-west-1,Project:Marketing,152.15
2023-11-27,ElastiCache/Cache,us-east-1,Project:Staging,324.06
2023-11-27,Lambda/Functions,ap-south-1,Project:Staging,159.37
2023-11-27,VPC/Networking,ap-southeast-1,Project:Analytics,275.27
2023-11-27,EBS/Storage,eu-west-1,Project:Development,262.17
2023-11-27,EC2/Compute,ap-south-1,Project:Analytics,1597.05
2023-11-27,RDS/Database,us-east-1,Project:Production,1141.78
2023-11-28,RDS/Database,us-west-2,Project:Marketing,985.96
2023-11-28,ElastiCache/Cache,ap-southeast-1,Project:Backup,163.92
2023-11-28,S3/Storage,us-west-2,Project:Testing,1277.6
2023-11-28,EBS/Storage,ap-south-1,Project:Analytics,206.73
2023-11-28,CloudFront/CDN,us-west-2,Project:Backup,530.45
2023-11-28,Lambda/Functions,us-west-2,Project:Development,296.88
2023-11-29,VPC/Networking,ap-south-1,Project:Finance,738.38
2023-11-29,CloudFront/CDN,ap-south-1,Project:Backup,525.51
2023-11-29,EBS/Storage,us-west-2,Project:Analytics,474.05
2023-11-29,RDS/Database,ap-southeast-1,Project:Finance,941.14
2023-11-29,Lambda/Functions,us-west-2,Project:Marketing,173.16
2023-11-29,EC2/Compute,ap-southeast-1,Project:Development,2423.01
2023-11-30,EC2/Compute,eu-west-1,Project:Production,2561.28
2023-11-30,VPC/Networking,eu-west-1,Project:Analytics,328.76
2023-11-30,CloudFront/CDN,us-east-1,Project:Marketing,486.98
2023-11-30,EBS/Storage,ap-south-1,Project:Backup,294.15
2023-11-30,ElastiCache/Cache,us-west-2,Project:Backup,291.88
2023-12-01,ElastiCache/Cache,us-east-1,Project:Testing,251.63
2023-12-01,RDS/Database,eu-west-1,Project:Marketing,900.5
2023-12-01,EC2/Compute,eu-west-1,Project:Production,2313.88
2023-12-01,CloudFront/CDN,ap-south-1,Project:Marketing,596.24
2023-12-01,S3/Storage,ap-southeast-1,Project:Testing,551.45
2023-12-02,CloudFront/CDN,us-east-1,Project:Development,433.05
2023-12-02,RDS/Database,eu-west-1,Project:Testing,1167.76
2023-12-02,EBS/Storage,ap-south-1,Project:Testing,201.61
2023-12-03,Lambda/Functions,us-east-1,Project:Finance,150.65
2023-12-03,CloudFront/CDN,ap-southeast-1,Project:Testing,257.63
2023-12-03,ElastiCache/Cache,us-west-2,Project:Testing,158.84
2023-12-03,S3/Storage,ap-southeast-1,Project:Analytics,304.8
2023-12-04,VPC/Networking,eu-west-1,Project:Backup,360.81
2023-12-04,EC2/Compute,us-west-2,Project:Backup,1260.67
2023-12-04,RDS/Database,ap-south-1,Project:Staging,927.79
2023-12-04,CloudFront/CDN,ap-south-1,Project:Analytics,3010.13
2023-12-04,ElastiCache/Cache,ap-southeast-1,Project:Backup,184.4
2023-12-05,VPC/Networking,ap-southeast-1,Project:Marketing,327.47
2023-12-05,Lambda/Functions,us-west-2,Project:Finance,286.32
2023-12-05,EC2/Compute,us-west-2,Project:Staging,1073.47
2023-12-05,RDS/Database,eu-west-1,Project:Development,1386.78
2023-12-05,CloudFront/CDN,ap-south-1,Project:Analytics,450.12
2023-12-05,EBS/Storage,ap-south-1,Project:Finance,449.82
2023-12-06,Lambda/Functions,eu-west-1,Project:Staging,1070.11
2023-12-06,EC2/Compute,eu-west-1,Project:Staging,1561.31
2023-12-06,S3/Storage,us-east-1,Project:Development,382.85
2023-12-07,CloudFront/CDN,ap-south-1,Project:Testing,618.66
2023-12-07,VPC/Networking,ap-south-1,Project:Testing,427.97
2023-12-07,Lambda/Functions,us-east-1,Project:Development,237.22
2023-12-08,RDS/Database,eu-west-1,Project:Marketing,1368.62
2023-12-08,CloudFront/CDN,ap-southeast-1,Project:Marketing,466.1
2023-12-08,Lambda/Functions,us-east-1,Project:Marketing,211.27
2023-12-08,EC2/Compute,ap-southeast-1,Project:Analytics,1778.29
2023-12-09,EBS/Storage,ap-southeast-1,Project:Staging,273.92
2023-12-09,CloudFront/CDN,eu-west-1,Project:Testing,537.5
2023-12-10,EC2/Compute,us-east-1,Project:Backup,1479.79
2023-12-10,ElastiCache/Cache,us-west-2,Project:Analytics,198.59
2023-12-11,EC2/Compute,ap-south-1,Project:Marketing,1515.2
2023-12-11,ElastiCache/Cache,us-east-1,Project:Backup,197.63
2023-12-11,EBS/Storage,us-east-1,Project:Production,256.63
2023-12-12,EC2/Compute,eu-west-1,Project:Finance,1552.23
2023-12-12,Lambda/Functions,ap-southeast-1,Project:Development,196.92
2023-12-12,ElastiCache/Cache,us-east-1,Project:Analytics,181.16
2023-12-12,VPC/Networking,ap-southeast-1,Project:Development,420.82
2023-12-12,RDS/Database,ap-south-1,Project:Backup,565.23
2023-12-13,RDS/Database,eu-west-1,Project:Backup,1065.51
2023-12-13,EC2/Compute,eu-west-1,Project:Development,1796.14
2023-12-13,ElastiCache/Cache,eu-west-1,Project:Analytics,213.72
2023-12-13,Lambda/Functions,ap-southeast-1,Project:Staging,223.22
2023-12-13,EBS/Storage,us-east-1,Project:Analytics,422.24
2023-12-13,VPC/Networking,eu-west-1,Project:Staging,334.68
2023-12-14,VPC/Networking,ap-south-1,Project:Marketing,389.77
2023-12-14,EC2/Compute,ap-southeast-1,Project:Analytics,1564.54
2023-12-14,S3/Storage,us-east-1,Project:Analytics,493.69
2023-12-14,CloudFront/CDN,ap-southeast-1,Project:Production,1353.68
2023-12-15,EC2/Compute,us-east-1,Project:Backup,1835.3
2023-12-15,CloudFront/CDN,us-west-2,Project:Production,581.36
2023-12-15,RDS/Database,us-west-2,Project:Backup,1296.73
2023-12-15,VPC/Networking,ap-southeast-1,Project:Production,359.68
2023-12-15,Lambda/Functions,ap-south-1,Project:Development,174.61
2023-12-15,S3/Storage,us-east-1,Project:Marketing,281.9
2023-12-16,Lambda/Functions,us-west-2,Project:Analytics,167.43
2023-12-16,S3/Storage,ap-south-1,Project:Staging,253.46
2023-12-17,EC2/Compute,eu-west-1,Project:Development,1258.65
2023-12-17,CloudFront/CDN,us-west-2,Project:Analytics,555.22
2023-12-17,RDS/Database,us-west-2,Project:Production,783.1
2023-12-17,EBS/Storage,ap-south-1,Project:Testing,318.78
2023-12-18,EC2/Compute,ap-south-1,Project:Marketing,1983.94
2023-12-18,S3/Storage,us-east-1,Project:Backup,476.39
2023-12-18,Lambda/Functions,ap-south-1,Project:Analytics,344.42
2023-12-18,RDS/Database,us-west-2,Project:Development,1180.0
2023-12-18,CloudFront/CDN,us-east-1,Project:Testing,311.54
2023-12-19,S3/Storage,us-east-1,Project:Testing,552.06
2023-12-19,ElastiCache/Cache,eu-west-1,Project:Finance,241.8
2023-12-19,VPC/Networking,ap-south-1,Project:Development,263.76
2023-12-19,RDS/Database,us-west-2,Project:Testing,1219.29
2023-12-19,Lambda/Functions,ap-south-1,Project:Staging,144.84
2023-12-19,EBS/Storage,ap-south-1,Project:Development,406.43
2023-12-20,VPC/Networking,us-west-2,Project:Production,319.31
2023-12-20,EBS/Storage,us-west-2,Project:Backup,297.45
2023-12-20,S3/Storage,eu-west-1,Project:Marketing,591.84
2023-12-20,ElastiCache/Cache,eu-west-1,Project:Production,197.25
2023-12-21,CloudFront/CDN,us-east-1,Project:Backup,390.34
2023-12-21,Lambda/Functions,us-east-1,Project:Staging,232.01
2023-12-21,VPC/Networking,us-east-1,Project:Testing,305.88
2023-12-21,EBS/Storage,eu-west-1,Project:Staging,294.96
2023-12-21,EC2/Compute,ap-south-1,Project:Finance,2170.18
2023-12-22,S3/Storage,ap-southeast-1,Project:Testing,335.73
2023-12-22,ElastiCache/Cache,ap-south-1,Project:Backup,291.23
2023-12-22,Lambda/Functions,ap-southeast-1,Project:Staging,201.85
2023-12-22,EC2/Compute,ap-south-1,Project:Backup,1676.9
2023-12-22,VPC/Networking,eu-west-1,Project:Testing,270.04
2023-12-23,RDS/Database,ap-south-1,Project:Production,606.81
2023-12-23,VPC/Networking,us-west-2,Project:Finance,215.41
2023-12-24,ElastiCache/Cache,ap-southeast-1,Project:Testing,156.3
2023-12-24,Lambda/Functions,us-west-2,Project:Marketing,172.66
2023-12-25,CloudFront/CDN,ap-south-1,Project:Staging,588.53
2023-12-25,EC2/Compute,ap-southeast-1,Project:Marketing,7860.84
2023-12-25,Lambda/Functions,ap-southeast-1,Project:Staging,189.49
2023-12-25,ElastiCache/Cache,us-west-2,Project:Staging,225.7
2023-12-26,ElastiCache/Cache,us-east-1,Project:Backup,140.4
2023-12-26,VPC/Networking,us-east-1,Project:Production,172.38
2023-12-26,Lambda/Functions,ap-southeast-1,Project:Backup,134.89
2023-12-26,EC2/Compute,ap-southeast-1,Project:Production,2061.83
2023-12-27,EBS/Storage,ap-southeast-1,Project:Testing,364.47
2023-12-27,Lambda/Functions,us-east-1,Project:Production,275.02
2023-12-27,RDS/Database,ap-south-1,Project:Production,1827.9
2023-12-27,CloudFront/CDN,eu-west-1,Project:Backup,772.35
2023-12-27,S3/Storage,eu-west-1,Project:Testing,360.4
2023-12-27,VPC/Networking,ap-southeast-1,Project:Testing,239.4
2023-12-28,VPC/Networking,us-east-1,Project:Finance,362.99
2023-12-28,S3/Storage,eu-west-1,Project:Production,627.87
2023-12-28,Lambda/Functions,eu-west-1,Project:Staging,316.83
2023-12-29,EBS/Storage,ap-south-1,Project:Development,416.35
2023-12-29,VPC/Networking,ap-southeast-1,Project:Finance,350.21
2023-12-29,EC2/Compute,us-east-1,Project:Finance,1920.76
2023-12-30,RDS/Database,us-west-2,Project:Development,673.25
2023-12-30,ElastiCache/Cache,ap-south-1,Project:Staging,139.75
2023-12-31,RDS/Database,us-east-1,Project:Finance,747.77
2023-12-31,VPC/Networking,eu-west-1,Project:Analytics,195.08
2024-01-01,S3/Storage,ap-south-1,Project:Finance,371.05
2024-01-01,Lambda/Functions,us-east-1,Project:Staging,245.66
2024-01-01,CloudFront/CDN,us-west-2,Project:Marketing,570.29
2024-01-01,ElastiCache/Cache,us-east-1,Project:Testing,179.42
2024-01-01,VPC/Networking,ap-southeast-1,Project:Development,345.61
2024-01-01,RDS/Database,us-east-1,Project:Development,1528.12
2024-01-02,EC2/Compute,us-west-2,Project:Backup,1593.14
2024-01-02,RDS/Database,ap-southeast-1,Project:Production,916.11
2024-01-02,Lambda/Functions,us-east-1,Project:Production,111.62
2024-01-02,CloudFront/CDN,us-west-2,Project:Finance,546.53
2024-01-03,Lambda/Functions,eu-west-1,Project:Testing,288.51
2024-01-03,VPC/Networking,ap-southeast-1,Project:Marketing,270.59
2024-01-03,ElastiCache/Cache,eu-west-1,Project:Production,186.86
2024-01-03,CloudFront/CDN,us-west-2,Project:Backup,646.19
2024-01-03,EBS/Storage,eu-west-1,Project:Backup,510.56
2024-01-04,S3/Storage,eu-west-1,Project:Testing,479.64
2024-01-04,VPC/Networking,us-east-1,Project:Finance,212.18
2024-01-04,CloudFront/CDN,us-west-2,Project:Staging,728.69
2024-01-04,EBS/Storage,eu-west-1,Project:Testing,329.16
2024-01-05,S3/Storage,us-west-2,Project:Production,580.35
2024-01-05,CloudFront/CDN,us-west-2,Project:Backup,821.45
2024-01-05,VPC/Networking,ap-south-1,Project:Marketing,253.21
2024-01-05,Lambda/Functions,us-east-1,Project:Analytics,266.38
2024-01-06,ElastiCache/Cache,ap-south-1,Project:Testing,126.68
2024-01-06,VPC/Networking,ap-southeast-1,Project:Marketing,171.58
2024-01-06,RDS/Database,ap-southeast-1,Project:Production,436.2
2024-01-06,EBS/Storage,ap-southeast-1,Project:Finance,252.94
2024-01-07,Lambda/Functions,eu-west-1,Project:Staging,318.76
2024-01-07,EC2/Compute,us-west-2,Project:Staging,1036.36
2024-01-07,RDS/Database,us-east-1,Project:Finance,753.16
2024-01-07,S3/Storage,ap-south-1,Project:Staging,316.95
2024-01-08,EBS/Storage,us-east-1,Project:Staging,503.89
2024-01-08,CloudFront/CDN,eu-west-1,Project:Analytics,484.28
2024-01-08,Lambda/Functions,ap-southeast-1,Project:Finance,148.23
2024-01-08,ElastiCache/Cache,us-east-1,Project:Marketing,75.42
2024-01-08,VPC/Networking,eu-west-1,Project:Backup,277.42
2024-01-08,S3/Storage,ap-south-1,Project:Production,472.82
2024-01-09,ElastiCache/Cache,ap-south-1,Project:Development,222.72
2024-01-09,Lambda/Functions,eu-west-1,Project:Backup,178.0
2024-01-09,EBS/Storage,ap-southeast-1,Project:Analytics,494.29
2024-01-09,RDS/Database,ap-south-1,Project:Finance,1248.56
2024-01-09,CloudFront/CDN,ap-southeast-1,Project:Marketing,600.95
2024-01-09,S3/Storage,ap-south-1,Project:Analytics,314.49
2024-01-10,S3/Storage,eu-west-1,Project:Marketing,547.75
2024-01-10,ElastiCache/Cache,ap-southeast-1,Project:Development,196.3
2024-01-10,CloudFront/CDN,eu-west-1,Project:Analytics,443.36
2024-01-10,RDS/Database,ap-southeast-1,Project:Production,1331.87
2024-01-10,Lambda/Functions,eu-west-1,Project:Marketing,198.91
2024-01-10,EBS/Storage,ap-southeast-1,Project:Staging,683.63
2024-01-11,Lambda/Functions,ap-south-1,Project:Production,167.53
2024-01-11,RDS/Database,ap-southeast-1,Project:Development,1373.35
2024-01-11,EC2/Compute,us-east-1,Project:Finance,1582.05
2024-01-11,ElastiCache/Cache,ap-south-1,Project:Analytics,274.65
2024-01-12,Lambda/Functions,ap-south-1,Project:Development,170.5
2024-01-12,RDS/Database,eu-west-1,Project:Production,1112.23
2024-01-12,S3/Storage,eu-west-1,Project:Finance,390.91
2024-01-12,EC2/Compute,us-west-2,Project:Finance,2303.24
2024-01-13,EBS/Storage,eu-west-1,Project:Marketing,298.72
2024-01-13,EC2/Compute,eu-west-1,Project:Development,1390.66
2024-01-13,RDS/Database,us-west-2,Project:Finance,308.41
2024-01-13,CloudFront/CDN,eu-west-1,Project:Testing,1293.54
2024-01-14,ElastiCache/Cache,us-west-2,Project:Development,179.13
2024-01-14,RDS/Database,ap-south-1,Project:Development,477.15
2024-01-14,Lambda/Functions,ap-south-1,Project:Staging,165.76
2024-01-15,EBS/Storage,eu-west-1,Project:Testing,419.06
2024-01-15,S3/Storage,us-east-1,Project:Backup,364.07
2024-01-15,ElastiCache/Cache,ap-south-1,Project:Finance,172.8
2024-01-16,ElastiCache/Cache,ap-southeast-1,Project:Development,281.14
2024-01-16,EC2/Compute,us-west-2,Project:Staging,1801.75
2024-01-16,VPC/Networking,us-west-2,Project:Testing,184.88
2024-01-16,CloudFront/CDN,ap-south-1,Project:Production,333.6
2024-01-16,S3/Storage,ap-southeast-1,Project:Analytics,966.33
2024-01-17,RDS/Database,us-east-1,Project:Development,892.53
2024-01-17,EC2/Compute,us-east-1,Project:Staging,2167.73
2024-01-17,EBS/Storage,eu-west-1,Project:Finance,367.3
2024-01-17,CloudFront/CDN,ap-south-1,Project:Staging,720.33
2024-01-17,ElastiCache/Cache,us-west-2,Project:Testing,205.58
2024-01-18,S3/Storage,us-east-1,Project:Staging,313.19
2024-01-18,EBS/Storage,eu-west-1,Project:Testing,355.22
2024-01-18,CloudFront/CDN,ap-south-1,Project:Production,619.73
2024-01-19,VPC/Networking,us-east-1,Project:Testing,254.23
2024-01-19,CloudFront/CDN,us-west-2,Project:Backup,584.53
2024-01-19,Lambda/Functions,ap-southeast-1,Project:Finance,246.31
2024-01-20,S3/Storage,eu-west-1,Project:Development,300.3
2024-01-20,EBS/Storage,us-west-2,Project:Analytics,194.29
2024-01-20,CloudFront/CDN,ap-south-1,Project:Testing,286.9
2024-01-21,ElastiCache/Cache,us-east-1,Project:Analytics,195.67
2024-01-21,VPC/Networking,ap-south-1,Project:Marketing,240.31
2024-01-21,CloudFront/CDN,us-east-1,Project:Development,117.61
2024-01-22,Lambda/Functions,us-east-1,Project:Backup,85.97
2024-01-22,RDS/Database,us-east-1,Project:Development,1696.53
2024-01-22,EC2/Compute,us-west-2,Project:Development,1374.59
2024-01-22,ElastiCache/Cache,us-east-1,Project:Analytics,291.08
2024-01-22,CloudFront/CDN,eu-west-1,Project:Testing,1684.39
2024-01-22,VPC/Networking,ap-southeast-1,Project:Development,281.53
2024-01-23,Lambda/Functions,ap-southeast-1,Project:Finance,168.12
2024-01-23,CloudFront/CDN,ap-south-1,Project:Marketing,469.77
2024-01-23,VPC/Networking,us-east-1,Project:Staging,267.32
2024-01-23,S3/Storage,ap-southeast-1,Project:Marketing,564.61
2024-01-24,CloudFront/CDN,us-west-2,Project:Testing,1798.29
2024-01-24,S3/Storage,us-west-2,Project:Analytics,590.96
2024-01-24,ElastiCache/Cache,us-east-1,Project:Marketing,221.73
2024-01-24,Lambda/Functions,eu-west-1,Project:Testing,227.1
2024-01-24,RDS/Database,us-east-1,Project:Backup,1155.07
2024-01-24,EC2/Compute,ap-south-1,Project:Development,1575.0
2024-01-25,CloudFront/CDN,ap-southeast-1,Project:Backup,535.17
2024-01-25,S3/Storage,ap-south-1,Project:Production,256.07
2024-01-25,Lambda/Functions,us-east-1,Project:Analytics,206.08
2024-01-25,RDS/Database,us-east-1,Project:Analytics,1368.38
2024-01-25,VPC/Networking,us-east-1,Project:Testing,503.93
2024-01-25,ElastiCache/Cache,eu-west-1,Project:Finance,233.81
2024-01-26,EBS/Storage,ap-south-1,Project:Backup,313.01
2024-01-26,Lambda/Functions,ap-south-1,Project:Backup,170.7
2024-01-26,ElastiCache/Cache,ap-southeast-1,Project:Analytics,259.4
2024-01-26,S3/Storage,us-west-2,Project:Production,541.13
2024-01-26,RDS/Database,ap-southeast-1,Project:Backup,1204.85
2024-01-27,CloudFront/CDN,us-east-1,Project:Production,251.35
2024-01-27,EC2/Compute,ap-south-1,Project:Production,980.73
2024-01-27,RDS/Database,eu-west-1,Project:Finance,965.31
2024-01-28,EC2/Compute,eu-west-1,Project:Development,1045.92
2024-01-28,Lambda/Functions,us-east-1,Project:Staging,186.95
2024-01-28,VPC/Networking,eu-west-1,Project:Finance,288.19
2024-01-28,EBS/Storage,us-east-1,Project:Marketing,323.91
2024-01-29,CloudFront/CDN,ap-southeast-1,Project:Marketing,2319.71
2024-01-29,RDS/Database,us-east-1,Project:Finance,1257.68
2024-01-29,EC2/Compute,ap-southeast-1,Project:Analytics,1711.16
2024-01-29,ElastiCache/Cache,ap-southeast-1,Project:Finance,198.99
2024-01-30,EBS/Storage,us-west-2,Project:Backup,321.27
2024-01-30,S3/Storage,ap-south-1,Project:Finance,353.04
2024-01-30,CloudFront/CDN,ap-southeast-1,Project:Staging,620.38
2024-01-30,ElastiCache/Cache,us-east-1,Project:Staging,226.97
2024-01-30,VPC/Networking,eu-west-1,Project:Finance,352.71
2024-01-30,RDS/Database,us-east-1,Project:Marketing,854.05
2024-01-31,CloudFront/CDN,ap-south-1,Project:Backup,411.34
2024-01-31,S3/Storage,eu-west-1,Project:Development,637.79
2024-01-31,RDS/Database,eu-west-1,Project:Development,1128.95
2024-02-01,RDS/Database,us-west-2,Project:Backup,955.81
2024-02-01,VPC/Networking,ap-south-1,Project:Testing,240.25
2024-02-01,Lambda/Functions,ap-south-1,Project:Backup,158.66
2024-02-01,ElastiCache/Cache,ap-south-1,Project:Testing,142.66
2024-02-01,CloudFront/CDN,us-west-2,Project:Analytics,584.09
2024-02-02,Lambda/Functions,eu-west-1,Project:Staging,185.37
2024-02-02,RDS/Database,eu-west-1,Project:Marketing,1422.55
2024-02-02,ElastiCache/Cache,us-east-1,Project:Testing,210.12
2024-02-02,EC2/Compute,us-west-2,Project:Testing,1234.68
2024-02-02,CloudFront/CDN,eu-west-1,Project:Analytics,538.16
2024-02-02,S3/Storage,us-east-1,Project:Staging,419.94
2024-02-03,CloudFront/CDN,ap-southeast-1,Project:Analytics,316.98
2024-02-03,Lambda/Functions,us-east-1,Project:Staging,103.35
2024-02-04,EC2/Compute,eu-west-1,Project:Testing,983.79
2024-02-04,RDS/Database,us-east-1,Project:Backup,560.03
2024-02-05,RDS/Database,ap-southeast-1,Project:Finance,1148.6
2024-02-05,CloudFront/CDN,us-east-1,Project:Analytics,323.29
2024-02-05,S3/Storage,eu-west-1,Project:Development,337.65
2024-02-06,EC2/Compute,us-east-1,Project:Staging,1723.06
2024-02-06,CloudFront/CDN,eu-west-1,Project:Finance,419.33
2024-02-06,VPC/Networking,ap-southeast-1,Project:Staging,101.44
2024-02-06,Lambda/Functions,us-east-1,Project:Marketing,208.2
2024-02-07,VPC/Networking,ap-southeast-1,Project:Backup,162.1
2024-02-07,EC2/Compute,ap-south-1,Project:Production,1716.86
2024-02-07,RDS/Database,eu-west-1,Project:Backup,732.98
2024-02-07,S3/Storage,eu-west-1,Project:Development,322.27
2024-02-08,ElastiCache/Cache,us-east-1,Project:Staging,235.38
2024-02-08,CloudFront/CDN,us-west-2,Project:Backup,392.6
2024-02-08,RDS/Database,us-east-1,Project:Production,755.39
2024-02-08,EBS/Storage,eu-west-1,Project:Development,254.01
2024-02-08,Lambda/Functions,ap-southeast-1,Project:Marketing,184.25
2024-02-09,EBS/Storage,us-east-1,Project:Testing,352.42
2024-02-09,RDS/Database,ap-southeast-1,Project:Production,665.25
2024-02-09,S3/Storage,ap-southeast-1,Project:Finance,298.11
2024-02-09,CloudFront/CDN,us-west-2,Project:Backup,389.98
2024-02-09,EC2/Compute,us-east-1,Project:Backup,1820.73
2024-02-09,VPC/Networking,ap-south-1,Project:Development,298.37
2024-02-10,ElastiCache/Cache,eu-west-1,Project:Finance,149.95
2024-02-10,Lambda/Functions,us-west-2,Project:Production,101.26
2024-02-10,EC2/Compute,us-east-1,Project:Testing,902.55
2024-02-10,VPC/Networking,us-east-1,Project:Testing,189.11
2024-02-11,RDS/Database,eu-west-1,Project:Backup,468.68
2024-02-11,CloudFront/CDN,ap-south-1,Project:Finance,213.5
2024-02-11,Lambda/Functions,us-west-2,Project:Development,147.23
2024-02-11,EBS/Storage,us-west-2,Project:Marketing,204.55
2024-02-12,Lambda/Functions,ap-south-1,Project:Staging,170.37
2024-02-12,S3/Storage,us-west-2,Project:Production,303.42
2024-02-12,CloudFront/CDN,ap-southeast-1,Project:Staging,463.19
2024-02-12,EBS/Storage,us-east-1,Project:Production,238.95
2024-02-13,ElastiCache/Cache,ap-southeast-1,Project:Testing,289.06
2024-02-13,EC2/Compute,ap-southeast-1,Project:Development,1580.64
2024-02-13,CloudFront/CDN,us-east-1,Project:Production,496.1
2024-02-13,S3/Storage,ap-southeast-1,Project:Backup,285.96
2024-02-13,EBS/Storage,eu-west-1,Project:Marketing,278.94
2024-02-13,RDS/Database,us-west-2,Project:Staging,574.12
2024-02-14,Lambda/Functions,ap-southeast-1,Project:Testing,121.69
2024-02-14,S3/Storage,us-west-2,Project:Finance,339.11
2024-02-14,RDS/Database,eu-west-1,Project:Staging,976.63
2024-02-14,EBS/Storage,us-west-2,Project:Production,224.63
2024-02-15,S3/Storage,ap-southeast-1,Project:Staging,353.05
2024-02-15,RDS/Database,ap-south-1,Project:Production,3353.0
2024-02-15,VPC/Networking,ap-southeast-1,Project:Marketing,203.35
2024-02-15,ElastiCache/Cache,us-west-2,Project:Backup,248.79
2024-02-15,EC2/Compute,ap-southeast-1,Project:Marketing,1457.19
2024-02-15,Lambda/Functions,ap-south-1,Project:Production,188.05
2024-02-16,S3/Storage,eu-west-1,Project:Finance,414.52
2024-02-16,CloudFront/CDN,eu-west-1,Project:Backup,638.49
2024-02-16,EC2/Compute,eu-west-1,Project:Analytics,1255.58
2024-02-16,RDS/Database,eu-west-1,Project:Testing,1011.33
2024-02-16,EBS/Storage,us-east-1,Project:Finance,487.77
2024-02-17,RDS/Database,ap-southeast-1,Project:Testing,734.56
2024-02-17,ElastiCache/Cache,us-west-2,Project:Finance,62.3
2024-02-17,CloudFront/CDN,ap-south-1,Project:Finance,293.95
2024-02-18,S3/Storage,ap-southeast-1,Project:Analytics,246.21
2024-02-18,ElastiCache/Cache,us-east-1,Project:Staging,118.15
2024-02-18,EC2/Compute,ap-southeast-1,Project:Marketing,888.8
2024-02-18,VPC/Networking,ap-southeast-1,Project:Production,158.78
2024-02-19,ElastiCache/Cache,us-east-1,Project:Staging,229.47
2024-02-19,EC2/Compute,eu-west-1,Project:Staging,1466.04
2024-02-19,CloudFront/CDN,us-east-1,Project:Finance,2020.97
2024-02-19,Lambda/Functions,us-west-2,Project:Testing,144.74
2024-02-19,S3/Storage,us-east-1,Project:Testing,303.76
2024-02-19,VPC/Networking,us-east-1,Project:Staging,256.56
2024-02-20,RDS/Database,us-east-1,Project:Backup,1101.62
2024-02-20,EBS/Storage,us-east-1,Project:Finance,207.43
2024-02-20,CloudFront/CDN,ap-southeast-1,Project:Backup,375.16
2024-02-21,RDS/Database,us-east-1,Project:Marketing,946.13
2024-02-21,EC2/Compute,eu-west-1,Project:Testing,1562.43
2024-02-21,CloudFront/CDN,ap-south-1,Project:Analytics,409.07
2024-02-21,Lambda/Functions,eu-west-1,Project:Testing,148.29
2024-02-21,ElastiCache/Cache,us-east-1,Project:Development,284.58
2024-02-22,VPC/Networking,us-east-1,Project:Finance,129.12
2024-02-22,S3/Storage,eu-west-1,Project:Testing,323.44
2024-02-22,ElastiCache/Cache,eu-west-1,Project:Testing,234.01
2024-02-22,CloudFront/CDN,ap-southeast-1,Project:Marketing,317.67
2024-02-22,Lambda/Functions,ap-southeast-1,Project:Backup,119.7
2024-02-22,EC2/Compute,ap-southeast-1,Project:Analytics,1201.54
2024-02-23,VPC/Networking,ap-southeast-1,Project:Marketing,279.67
2024-02-23,RDS/Database,ap-south-1,Project:Development,830.29
2024-02-23,EBS/Storage,ap-southeast-1,Project:Staging,386.75
2024-02-23,Lambda/Functions,us-west-2,Project:Backup,158.3
2024-02-23,S3/Storage,ap-southeast-1,Project:Development,1217.09
2024-02-23,ElastiCache/Cache,ap-southeast-1,Project:Development,198.46
2024-02-24,EBS/Storage,us-east-1,Project:Development,200.97
2024-02-24,CloudFront/CDN,us-west-2,Project:Analytics,233.11
2024-02-25,VPC/Networking,us-east-1,Project:Development,189.74
2024-02-25,CloudFront/CDN,ap-south-1,Project:Marketing,341.54
2024-02-25,S3/Storage,us-east-1,Project:Backup,283.14
2024-02-25,Lambda/Functions,ap-south-1,Project:Development,119.21
2024-02-26,S3/Storage,eu-west-1,Project:Finance,272.07
2024-02-26,Lambda/Functions,us-west-2,Project:Staging,88.2
2024-02-26,EBS/Storage,ap-southeast-1,Project:Backup,316.98
2024-02-26,RDS/Database,ap-southeast-1,Project:Marketing,281.19
2024-02-26,CloudFront/CDN,us-east-1,Project:Analytics,582.61
2024-02-26,EC2/Compute,ap-south-1,Project:Marketing,1467.31
2024-02-27,EC2/Compute,ap-southeast-1,Project:Backup,1611.27
2024-02-27,EBS/Storage,us-west-2,Project:Backup,261.78
2024-02-27,ElastiCache/Cache,ap-south-1,Project:Finance,273.87
2024-02-28,CloudFront/CDN,us-east-1,Project:Production,576.46
2024-02-28,VPC/Networking,ap-south-1,Project:Staging,221.01
2024-02-28,Lambda/Functions,us-east-1,Project:Development,152.68
2024-02-28,EC2/Compute,us-west-2,Project:Production,1835.13
2024-02-28,S3/Storage,us-west-2,Project:Staging,385.75
2024-02-28,EBS/Storage,ap-southeast-1,Project:Testing,162.56
2024-02-29,Lambda/Functions,ap-south-1,Project:Analytics,251.03
2024-02-29,EBS/Storage,us-east-1,Project:Development,259.27
2024-02-29,ElastiCache/Cache,ap-southeast-1,Project:Staging,154.1
2024-02-29,EC2/Compute,ap-southeast-1,Project:Analytics,1341.86
2024-03-01,CloudFront/CDN,eu-west-1,Project:Backup,455.11
2024-03-01,EBS/Storage,eu-west-1,Project:Analytics,386.2
2024-03-01,VPC/Networking,us-east-1,Project:Backup,183.22
2024-03-01,Lambda/Functions,ap-southeast-1,Project:Finance,164.52
2024-03-01,EC2/Compute,us-west-2,Project:Production,1481.51
2024-03-02,ElastiCache/Cache,us-west-2,Project:Staging,91.61
2024-03-02,RDS/Database,us-west-2,Project:Backup,494.91
2024-03-03,ElastiCache/Cache,eu-west-1,Project:Backup,122.08
2024-03-03,Lambda/Functions,us-west-2,Project:Staging,94.24
2024-03-03,VPC/Networking,us-west-2,Project:Marketing,128.72
2024-03-03,CloudFront/CDN,ap-southeast-1,Project:Analytics,301.1
2024-03-04,ElastiCache/Cache,us-west-2,Project:Testing,126.71
2024-03-04,EBS/Storage,ap-southeast-1,Project:Marketing,169.3
2024-03-04,S3/Storage,us-east-1,Project:Analytics,318.91
2024-03-05,RDS/Database,ap-south-1,Project:Production,886.54
2024-03-05,EBS/Storage,eu-west-1,Project:Analytics,172.54
2024-03-05,EC2/Compute,eu-west-1,Project:Testing,1550.54
2024-03-06,S3/Storage,eu-west-1,Project:Finance,300.61
2024-03-06,CloudFront/CDN,us-east-1,Project:Marketing,352.72
2024-03-06,Lambda/Functions,ap-southeast-1,Project:Backup,217.49
2024-03-06,ElastiCache/Cache,ap-south-1,Project:Development,211.08
2024-03-07,CloudFront/CDN,us-east-1,Project:Staging,417.09
2024-03-07,EBS/Storage,us-east-1,Project:Development,279.36
2024-03-07,S3/Storage,ap-south-1,Project:Development,173.1
2024-03-08,VPC/Networking,eu-west-1,Project:Finance,228.86
2024-03-08,CloudFront/CDN,ap-southeast-1,Project:Development,507.49
2024-03-08,Lambda/Functions,us-east-1,Project:Staging,132.32
2024-03-08,ElastiCache/Cache,ap-southeast-1,Project:Production,179.95
2024-03-09,CloudFront/CDN,us-west-2,Project:Testing,305.87
2024-03-09,RDS/Database,ap-southeast-1,Project:Finance,772.18
2024-03-09,VPC/Networking,us-west-2,Project:Development,121.85
2024-03-10,VPC/Networking,ap-south-1,Project:Development,94.57
2024-03-10,ElastiCache/Cache,ap-southeast-1,Project:Finance,134.86
2024-03-10,EBS/Storage,ap-southeast-1,Project:Analytics,280.59
2024-03-10,S3/Storage,ap-southeast-1,Project:Testing,187.81
2024-03-11,S3/Storage,ap-south-1,Project:Marketing,347.88
2024-03-11,ElastiCache/Cache,us-west-2,Project:Production,118.17
2024-03-11,Lambda/Functions,ap-south-1,Project:Marketing,183.79
2024-03-11,EC2/Compute,eu-west-1,Project:Finance,2239.6
2024-03-11,EBS/Storage,ap-southeast-1,Project:Production,149.25
2024-03-12,S3/Storage,ap-southeast-1,Project:Testing,457.62
2024-03-12,Lambda/Functions,ap-southeast-1,Project:Staging,143.39
2024-03-12,EBS/Storage,ap-south-1,Project:Backup,332.62
2024-03-12,VPC/Networking,us-east-1,Project:Production,225.42
2024-03-13,EC2/Compute,us-west-2,Project:Production,5343.61
2024-03-13,RDS/Database,us-east-1,Project:Production,713.52
2024-03-13,VPC/Networking,eu-west-1,Project:Analytics,100.49
2024-03-13,CloudFront/CDN,ap-south-1,Project:Marketing,338.05
2024-03-13,Lambda/Functions,ap-south-1,Project:Finance,199.68
2024-03-14,EBS/Storage,eu-west-1,Project:Testing,262.98
2024-03-14,ElastiCache/Cache,ap-south-1,Project:Staging,199.53
2024-03-14,Lambda/Functions,ap-south-1,Project:Staging,153.97
2024-03-14,VPC/Networking,eu-west-1,Project:Production,206.04
2024-03-14,EC2/Compute,us-west-2,Project:Staging,983.02
2024-03-15,ElastiCache/Cache,us-east-1,Project:Development,163.99
2024-03-15,EC2/Compute,us-west-2,Project:Backup,1360.4
2024-03-15,CloudFront/CDN,ap-south-1,Project:Backup,588.6
2024-03-15,Lambda/Functions,ap-southeast-1,Project:Analytics,118.69
2024-03-15,S3/Storage,us-east-1,Project:Finance,362.4
2024-03-16,Lambda/Functions,ap-south-1,Project:Development,134.47
2024-03-16,ElastiCache/Cache,us-west-2,Project:Testing,133.71
2024-03-16,VPC/Networking,ap-southeast-1,Project:Backup,153.04
2024-03-17,VPC/Networking,eu-west-1,Project:Marketing,401.66
2024-03-17,EC2/Compute,us-east-1,Project:Analytics,1131.9
2024-03-17,ElastiCache/Cache,us-west-2,Project:Finance,145.11
2024-03-18,CloudFront/CDN,us-east-1,Project:Testing,368.7
2024-03-18,RDS/Database,ap-south-1,Project:Analytics,4445.87
2024-03-18,EBS/Storage,eu-west-1,Project:Staging,194.3
2024-03-18,Lambda/Functions,eu-west-1,Project:Development,161.9
2024-03-18,VPC/Networking,ap-southeast-1,Project:Production,223.59
2024-03-19,EBS/Storage,ap-southeast-1,Project:Testing,234.82
2024-03-19,RDS/Database,ap-south-1,Project:Backup,461.16
2024-03-19,S3/Storage,ap-south-1,Project:Analytics,339.63
2024-03-19,ElastiCache/Cache,ap-southeast-1,Project:Backup,185.75
2024-03-19,CloudFront/CDN,ap-south-1,Project:Testing,421.45
2024-03-19,Lambda/Functions,eu-west-1,Project:Development,167.08
2024-03-20,EBS/Storage,ap-south-1,Project:Production,228.22
2024-03-20,RDS/Database,ap-south-1,Project:Staging,964.07
2024-03-20,CloudFront/CDN,ap-south-1,Project:Marketing,573.33
2024-03-20,VPC/Networking,us-east-1,Project:Testing,161.81
2024-03-20,EC2/Compute,us-east-1,Project:Development,1023.63
2024-03-20,Lambda/Functions,ap-south-1,Project:Production,202.9
2024-03-21,EC2/Compute,ap-south-1,Project:Backup,1886.79
2024-03-21,S3/Storage,us-east-1,Project:Backup,401.77
2024-03-21,RDS/Database,ap-south-1,Project:Finance,611.23
2024-03-21,VPC/Networking,us-east-1,Project:Finance,272.28
2024-03-22,CloudFront/CDN,us-west-2,Project:Marketing,408.44
2024-03-22,EBS/Storage,ap-south-1,Project:Testing,367.09
2024-03-22,Lambda/Functions,us-west-2,Project:Production,174.01
2024-03-22,RDS/Database,us-west-2,Project:Marketing,934.25
2024-03-22,EC2/Compute,us-east-1,Project:Development,1087.91
2024-03-22,S3/Storage,eu-west-1,Project:Testing,687.0
2024-03-23,S3/Storage,ap-southeast-1,Project:Finance,275.15
2024-03-23,RDS/Database,us-east-1,Project:Production,731.08
2024-03-23,ElastiCache/Cache,ap-south-1,Project:Staging,77.26
2024-03-24,EBS/Storage,eu-west-1,Project:Backup,252.86
2024-03-24,RDS/Database,us-east-1,Project:Marketing,767.68
2024-03-24,EC2/Compute,us-east-1,Project:Backup,2086.28
2024-03-24,ElastiCache/Cache,ap-south-1,Project:Development,175.96
2024-03-25,Lambda/Functions,us-west-2,Project:Staging,118.28
2024-03-25,ElastiCache/Cache,us-west-2,Project:Finance,176.02
2024-03-25,VPC/Networking,ap-southeast-1,Project:Backup,915.32
2024-03-25,CloudFront/CDN,us-east-1,Project:Staging,317.03
2024-03-26,RDS/Database,ap-south-1,Project:Marketing,804.85
2024-03-26,Lambda/Functions,ap-south-1,Project:Development,220.55
2024-03-26,EC2/Compute,ap-southeast-1,Project:Finance,1562.95
2024-03-26,ElastiCache/Cache,ap-southeast-1,Project:Development,168.63
2024-03-26,EBS/Storage,us-west-2,Project:Marketing,1525.76
2024-03-27,VPC/Networking,ap-south-1,Project:Finance,1102.98
2024-03-27,EBS/Storage,eu-west-1,Project:Marketing,258.29
2024-03-27,S3/Storage,ap-southeast-1,Project:Marketing,189.41
2024-03-27,RDS/Database,us-east-1,Project:Backup,2484.03
2024-03-27,CloudFront/CDN,eu-west-1,Project:Finance,348.22
2024-03-28,Lambda/Functions,ap-southeast-1,Project:Finance,175.02
2024-03-28,VPC/Networking,ap-southeast-1,Project:Development,216.64
2024-03-28,EBS/Storage,ap-southeast-1,Project:Development,188.48
2024-03-28,CloudFront/CDN,us-east-1,Project:Production,371.56
2024-03-29,Lambda/Functions,eu-west-1,Project:Finance,180.93
2024-03-29,S3/Storage,us-west-2,Project:Backup,1103.71
2024-03-29,RDS/Database,ap-south-1,Project:Marketing,769.13
2024-03-30,ElastiCache/Cache,ap-south-1,Project:Staging,773.68
2024-03-30,Lambda/Functions,eu-west-1,Project:Production,114.12
2024-03-31,EBS/Storage,ap-south-1,Project:Backup,191.23
2024-03-31,RDS/Database,us-west-2,Project:Development,594.22
2024-03-31,CloudFront/CDN,ap-south-1,Project:Staging,298.73
2024-03-31,EC2/Compute,us-west-2,Project:Testing,816.46
2024-04-01,RDS/Database,ap-south-1,Project:Production,808.47
2024-04-01,VPC/Networking,ap-southeast-1,Project:Marketing,305.46
2024-04-01,Lambda/Functions,ap-south-1,Project:Backup,487.41
2024-04-01,EBS/Storage,us-east-1,Project:Finance,255.15
2024-04-01,EC2/Compute,ap-south-1,Project:Backup,1493.06
2024-04-02,CloudFront/CDN,us-west-2,Project:Staging,476.9
2024-04-02,RDS/Database,us-east-1,Project:Production,800.25
2024-04-02,Lambda/Functions,us-west-2,Project:Analytics,211.72
2024-04-02,EC2/Compute,ap-southeast-1,Project:Finance,3973.6
2024-04-03,S3/Storage,ap-southeast-1,Project:Analytics,318.7
2024-04-03,CloudFront/CDN,ap-south-1,Project:Staging,306.31
2024-04-03,EBS/Storage,us-west-2,Project:Development,165.73
2024-04-03,EC2/Compute,eu-west-1,Project:Production,940.93
2024-04-03,VPC/Networking,ap-south-1,Project:Finance,242.76
2024-04-04,EC2/Compute,us-east-1,Project:Production,1474.21
2024-04-04,CloudFront/CDN,ap-southeast-1,Project:Development,506.38
2024-04-04,Lambda/Functions,ap-southeast-1,Project:Production,255.13
2024-04-04,S3/Storage,us-east-1,Project:Production,339.24
2024-04-04,EBS/Storage,ap-southeast-1,Project:Analytics,150.05
2024-04-04,VPC/Networking,us-east-1,Project:Testing,312.94
2024-04-05,CloudFront/CDN,us-east-1,Project:Backup,369.0
2024-04-05,S3/Storage,us-west-2,Project:Testing,165.5
2024-04-05,VPC/Networking,ap-south-1,Project:Staging,209.22
2024-04-05,Lambda/Functions,ap-southeast-1,Project:Backup,141.58
2024-04-05,EBS/Storage,ap-south-1,Project:Development,219.23
2024-04-05,EC2/Compute,us-east-1,Project:Development,1155.74
2024-04-06,Lambda/Functions,us-west-2,Project:Production,83.93
2024-04-06,EBS/Storage,eu-west-1,Project:Analytics,202.57
2024-04-06,VPC/Networking,ap-south-1,Project:Backup,181.5
2024-04-07,ElastiCache/Cache,ap-south-1,Project:Production,127.8
2024-04-07,RDS/Database,ap-south-1,Project:Finance,471.14
2024-04-07,CloudFront/CDN,us-east-1,Project:Testing,112.39
2024-04-07,VPC/Networking,us-west-2,Project:Testing,232.24
2024-04-08,VPC/Networking,ap-southeast-1,Project:Finance,325.5
2024-04-08,Lambda/Functions,eu-west-1,Project:Staging,209.0
2024-04-08,EC2/Compute,ap-southeast-1,Project:Finance,1473.93
2024-04-08,S3/Storage,ap-south-1,Project:Finance,227.02
2024-04-09,S3/Storage,eu-west-1,Project:Analytics,544.57
2024-04-09,RDS/Database,eu-west-1,Project:Backup,976.46
2024-04-09,ElastiCache/Cache,us-west-2,Project:Production,122.79
2024-04-09,Lambda/Functions,us-west-2,Project:Backup,159.58
2024-04-09,EC2/Compute,us-west-2,Project:Backup,1158.81
2024-04-09,VPC/Networking,us-east-1,Project:Finance,545.17
2024-04-10,ElastiCache/Cache,us-west-2,Project:Finance,201.56
2024-04-10,S3/Storage,us-west-2,Project:Testing,353.15
2024-04-10,EC2/Compute,us-west-2,Project:Staging,1667.63
2024-04-10,RDS/Database,us-east-1,Project:Testing,933.23
2024-04-10,VPC/Networking,us-west-2,Project:Marketing,197.2
2024-04-11,VPC/Networking,ap-southeast-1,Project:Staging,199.88
2024-04-11,RDS/Database,ap-south-1,Project:Analytics,793.75
2024-04-11,S3/Storage,eu-west-1,Project:Testing,378.92
2024-04-12,S3/Storage,us-west-2,Project:Staging,358.94
2024-04-12,EBS/Storage,us-west-2,Project:Production,350.3
2024-04-12,ElastiCache/Cache,eu-west-1,Project:Finance,195.37
2024-04-13,RDS/Database,us-east-1,Project:Backup,473.74
2024-04-13,EBS/Storage,eu-west-1,Project:Testing,106.55
2024-04-13,CloudFront/CDN,ap-south-1,Project:Backup,402.81
2024-04-13,Lambda/Functions,us-west-2,Project:Finance,113.35
2024-04-14,S3/Storage,ap-south-1,Project:Finance,192.16
2024-04-14,Lambda/Functions,ap-southeast-1,Project:Backup,53.53
2024-04-14,CloudFront/CDN,eu-west-1,Project:Backup,411.5
2024-04-14,ElastiCache/Cache,ap-southeast-1,Project:Testing,117.3
2024-04-15,VPC/Networking,us-west-2,Project:Development,215.8
2024-04-15,EC2/Compute,ap-southeast-1,Project:Staging,2342.61
2024-04-15,S3/Storage,ap-southeast-1,Project:Testing,414.85
2024-04-15,EBS/Storage,eu-west-1,Project:Marketing,288.76
2024-04-15,ElastiCache/Cache,us-east-1,Project:Backup,222.57
2024-04-15,Lambda/Functions,ap-south-1,Project:Finance,175.81
2024-04-16,CloudFront/CDN,ap-south-1,Project:Development,421.13
2024-04-16,Lambda/Functions,ap-southeast-1,Project:Production,186.93
2024-04-16,EBS/Storage,eu-west-1,Project:Backup,317.67
2024-04-16,ElastiCache/Cache,us-west-2,Project:Marketing,201.37
2024-04-16,VPC/Networking,eu-west-1,Project:Development,208.04
2024-04-17,EBS/Storage,eu-west-1,Project:Staging,314.2
2024-04-17,S3/Storage,us-east-1,Project:Staging,312.32
2024-04-17,EC2/Compute,eu-west-1,Project:Marketing,1685.52
2024-04-17,RDS/Database,us-west-2,Project:Marketing,761.29
2024-04-18,EBS/Storage,ap-south-1,Project:Testing,318.52
2024-04-18,Lambda/Functions,us-west-2,Project:Staging,172.18
2024-04-18,CloudFront/CDN,us-west-2,Project:Backup,435.79
2024-04-18,ElastiCache/Cache,ap-southeast-1,Project:Finance,252.4
2024-04-18,EC2/Compute,ap-south-1,Project:Backup,1185.94
2024-04-19,Lambda/Functions,ap-southeast-1,Project:Backup,203.12
2024-04-19,S3/Storage,eu-west-1,Project:Finance,215.16
2024-04-19,VPC/Networking,us-west-2,Project:Marketing,241.24
2024-04-19,EBS/Storage,us-east-1,Project:Backup,207.21
2024-04-19,ElastiCache/Cache,us-east-1,Project:Finance,158.99
2024-04-20,VPC/Networking,us-west-2,Project:Finance,189.83
2024-04-20,EBS/Storage,ap-south-1,Project:Marketing,161.6
2024-04-20,ElastiCache/Cache,us-east-1,Project:Production,167.72
2024-04-21,S3/Storage,ap-southeast-1,Project:Marketing,259.67
2024-04-21,EBS/Storage,us-east-1,Project:Analytics,216.24
2024-04-21,ElastiCache/Cache,us-east-1,Project:Testing,471.23
2024-04-21,Lambda/Functions,us-east-1,Project:Finance,135.84
2024-04-22,EC2/Compute,us-west-2,Project:Staging,1456.42
2024-04-22,VPC/Networking,ap-southeast-1,Project:Development,238.33
2024-04-22,Lambda/Functions,us-east-1,Project:Testing,193.41
2024-04-22,S3/Storage,ap-south-1,Project:Development,394.38
2024-04-22,ElastiCache/Cache,ap-southeast-1,Project:Analytics,255.78
2024-04-22,EBS/Storage,eu-west-1,Project:Production,325.49
2024-04-23,S3/Storage,ap-south-1,Project:Backup,256.22
2024-04-23,RDS/Database,ap-southeast-1,Project:Backup,1110.97
2024-04-23,ElastiCache/Cache,us-east-1,Project:Testing,189.17
2024-04-23,EBS/Storage,ap-south-1,Project:Marketing,272.08
2024-04-24,Lambda/Functions,ap-southeast-1,Project:Production,133.76
